Período de saída;Serviço de Saúde;250 UI;500 UI;1000 UI;1500 UI;Total Geral
janeiro/19;FHB; 800 ; 800 ; 1.500 ;; 3.100 
janeiro/19;FURP; 3.000 ; 9.800 ; 4.800 ;; 17.600 
janeiro/19;HEMEPAR; 2.300 ; 7.800 ; 2.300 ;; 12.400 
janeiro/19;HEMERON; 200 ; 300 ; 80 ;; 580 
janeiro/19;HEMOACRE; 60 ; 160 ; 60 ;; 280 
janeiro/19;HEMOAL; 620 ; 480 ; 700 ;; 1.800 
janeiro/19;HEMOAP; 50 ; 80 ; 60 ;; 190 
janeiro/19;HEMOBA; 2.600 ; 1.400 ; 2.200 ;; 6.200 
janeiro/19;HEMOCE; 1.100 ; 1.000 ; 1.580 ;; 3.680 
janeiro/19;HEMOES; 380 ; 1.000 ; 800 ;; 2.180 
janeiro/19;HEMOGO; 980 ; 800 ; 1.200 ;; 2.980 
janeiro/19;HEMOIBA; 720 ; 600 ; 1.000 ;; 2.320 
janeiro/19;HEMOMAR; 480 ; 480 ; 600 ;; 1.560 
janeiro/19;HEMOMAT; 460 ; 480 ; 700 ;; 1.640 
janeiro/19;HEMOMINAS; 2.000 ; 7.500 ; 1.500 ;; 11.000 
janeiro/19;HEMONORTE; 400 ; 300 ; 700 ;; 1.400 
janeiro/19;HEMOPA; 980 ; 700 ; 900 ;; 2.580 
janeiro/19;HEMOPE; 1.490 ; 890 ; 1.600 ;; 3.980 
janeiro/19;HEMORAIMA; 70 ; 110 ; 130 ;; 310 
janeiro/19;HEMORGS; 1.000 ; 5.000 ; 2.300 ;; 8.300 
janeiro/19;HEMOSUL; 220 ; 160 ; 200 ;; 580 
janeiro/19;HEMOTO; 90 ; 160 ; 90 ;; 340 
fevereiro/19;CAIES; 3.056 ; 7.892 ; 2.381 ;; 13.329 
fevereiro/19;FHB; 800 ; 800 ; 1.400 ;; 3.000 
fevereiro/19;FURP; 5.190 ; 12.201 ; 7.602 ;; 24.993 
fevereiro/19;HEMEPAR; 1.600 ; 4.800 ; 1.700 ;; 8.100 
fevereiro/19;HEMERON; 50 ; 47 ; 53 ;; 150 
fevereiro/19;HEMOACRE; 70 ; 105 ; 130 ;; 305 
fevereiro/19;HEMOAL; 840 ; 800 ; 1.000 ;; 2.640 
fevereiro/19;HEMOAM; 36 ; 50 ; 66 ;; 152 
fevereiro/19;HEMOAP; 30 ; 45 ; 55 ;; 130 
fevereiro/19;HEMOBA; 860 ; 850 ; 1.000 ;; 2.710 
fevereiro/19;HEMOCE; 1.200 ; 4.700 ; 1.350 ;; 7.250 
fevereiro/19;HEMOES; 320 ; 360 ; 540 ;; 1.220 
fevereiro/19;HEMOGO; 800 ; 900 ; 1.150 ;; 2.850 
fevereiro/19;HEMOIBA; 750 ; 645 ; 1.000 ;; 2.395 
fevereiro/19;HEMOMAR; 490 ; 491 ; 642 ;; 1.623 
fevereiro/19;HEMOMAT; 220 ; 220 ; 295 ;; 735 
fevereiro/19;HEMOMINAS; 570 ; 575 ; 870 ;; 2.015 
fevereiro/19;HEMONORTE; 350 ; 365 ; 700 ;; 1.415 
fevereiro/19;HEMOPA; 760 ; 760 ; 1.030 ;; 2.550 
fevereiro/19;HEMOPE; 1.390 ; 905 ; 1.450 ;; 3.745 
fevereiro/19;HEMOPI; 660 ; 640 ; 900 ;; 2.200 
fevereiro/19;HEMORAIMA; 18 ; 15 ; 18 ;; 51 
fevereiro/19;HEMORGS; 1.420 ; 4.690 ; 1.500 ;; 7.610 
fevereiro/19;HEMORIO; 1.300 ; 3.750 ; 1.400 ;; 6.450 
fevereiro/19;HEMOSC; 850 ; 899 ; 1.338 ;; 3.087 
fevereiro/19;HEMOSE; 150 ; 305 ; 160 ;; 615 
fevereiro/19;HEMOSUL; 160 ; 120 ; 180 ;; 460 
fevereiro/19;HEMOTO; 60 ; 70 ; 90 ;; 220 
março/19;CAIES; 3.321 ; 3.383 ; 2.115 ;; 8.819 
março/19;FHB; 1.480 ; 2.960 ; 1.850 ;; 6.290 
março/19;FURP; 4.419 ; 8.837 ; 5.523 ;; 18.779 
março/19;HEMEPAR;; 3.253 ; 2.033 ;; 5.286 
março/19;HEMERON; 39 ; 77 ; 48 ;; 164 
março/19;HEMOACRE; 110 ; 221 ; 138 ;; 469 
março/19;HEMOAL; 625 ; 1.251 ; 782 ;; 2.658 
março/19;HEMOAM; 389 ; 778 ; 486 ;; 1.653 
março/19;HEMOAP; 85 ; 170 ; 106 ;; 361 
março/19;HEMOCE; 707 ; 1.414 ; 883 ;; 3.004 
março/19;HEMOES; 630 ; 1.261 ; 788 ;; 2.679 
março/19;HEMOGO; 1.377 ; 2.754 ; 1.721 ;; 5.852 
março/19;HEMOIBA; 380 ; 760 ; 475 ;; 1.615 
março/19;HEMOMAT; 361 ; 722 ; 451 ;; 1.534 
março/19;HEMOMINAS; 2.174 ; 4.349 ; 2.718 ;; 9.241 
março/19;HEMONORTE; 631 ; 1.263 ; 789 ;; 2.683 
março/19;HEMOPA; 680 ; 1.360 ; 850 ;; 2.890 
março/19;HEMOPE; 900 ; 1.801 ; 1.125 ;; 3.826 
março/19;HEMOPI; 379 ; 759 ; 474 ;; 1.612 
março/19;HEMORAIMA; 12 ; 24 ; 15 ;; 51 
março/19;HEMORGS; 1.489 ; 2.978 ; 1.861 ;; 6.328 
março/19;HEMORIO; 2.642 ; 5.284 ; 3.303 ;; 11.229 
março/19;HEMOSC; 701 ; 1.402 ; 879 ;; 2.982 
março/19;HEMOSE; 146 ; 292 ; 182 ;; 620 
março/19;HEMOSUL; 208 ; 417 ; 261 ;; 886 
março/19;HEMOTO; 115 ; 230 ; 144 ;; 489 
abril/19;CAIES; 7.615 ; 13.261 ; 6.433 ;; 27.309 
abril/19;FHB; 300 ; 568 ; 351 ;; 1.219 
abril/19;HEMEPAR; 450 ; 2.950 ; 2.985 ;; 6.385 
abril/19;HEMERON; 30 ; 58 ; 35 ;; 123 
abril/19;HEMOACRE; 94 ; 187 ; 117 ;; 398 
abril/19;HEMOAL; 168 ; 336 ; 210 ;; 714 
abril/19;HEMOAM; 203 ; 405 ; 253 ;; 861 
abril/19;HEMOAP; 7 ; 13 ; 8 ;; 28 
abril/19;HEMOBA; 1.741 ; 3.365 ; 2.118 ;; 7.224 
abril/19;HEMOCE; 360 ; 1.305 ; 1.490 ;; 3.155 
abril/19;HEMOES; 378 ; 742 ; 465 ;; 1.585 
abril/19;HEMOGO; 518 ; 1.012 ; 630 ;; 2.160 
abril/19;HEMOIBA; 390 ; 777 ; 486 ;; 1.653 
abril/19;HEMOMAR; 306 ; 607 ; 380 ;; 1.293 
abril/19;HEMOMAT; 186 ; 365 ; 230 ;; 781 
abril/19;HEMOMINAS; 1.915 ; 3.830 ; 2.395 ;; 8.140 
abril/19;HEMONORTE; 296 ; 592 ; 370 ;; 1.258 
abril/19;HEMOPA; 175 ; 350 ; 220 ;; 745 
abril/19;HEMOPE; 920 ; 1.560 ; 1.010 ;; 3.490 
abril/19;HEMOPI; 288 ; 574 ; 359 ;; 1.221 
abril/19;HEMORGS; 1.468 ; 2.933 ; 1.833 ;; 6.234 
abril/19;HEMORIO; 1.220 ; 2.410 ; 1.500 ;; 5.130 
abril/19;HEMOSC; 684 ; 1.365 ; 853 ;; 2.902 
abril/19;HEMOSE; 272 ; 480 ; 300 ;; 1.052 
abril/19;HEMOSUL; 176 ; 315 ; 192 ;; 683 
abril/19;HEMOTO; 100 ; 165 ; 102 ;; 367 
abril/19;SES-SP; 3.740 ; 7.475 ; 4.675 ;; 15.890 
maio/19;CAIES; 2.205 ; 5.807 ; 3.329 ;; 11.341 
maio/19;FHB; 1.537 ; 2.449 ; 1.609 ;; 5.595 
maio/19;HEMEPAR; 696 ; 3.500 ; 2.316 ;; 6.512 
maio/19;HEMERON; 108 ; 115 ; 60 ;; 283 
maio/19;HEMOACRE; 154 ; 207 ; 118 ;; 479 
maio/19;HEMOAL; 627 ; 1.153 ; 709 ;; 2.489 
maio/19;HEMOAM; 519 ; 936 ; 574 ;; 2.029 
maio/19;HEMOAP; 144 ; 186 ; 105 ;; 435 
maio/19;HEMOBA; 1.294 ; 2.587 ; 1.617 ;; 5.498 
maio/19;HEMOCE; 496 ; 1.592 ; 1.070 ;; 3.158 
maio/19;HEMOES; 635 ; 1.269 ; 793 ;; 2.697 
maio/19;HEMOGO; 980 ; 1.759 ; 1.074 ;; 3.813 
maio/19;HEMOIBA; 832 ; 1.562 ; 965 ;; 3.359 
maio/19;HEMOMAR; 419 ; 737 ; 449 ;; 1.605 
maio/19;HEMOMAT; 208 ; 206 ; 115 ;; 529 
maio/19;HEMOMINAS; 2.005 ; 3.385 ; 2.194 ;; 7.584 
maio/19;HEMONORTE; 501 ; 921 ; 566 ;; 1.988 
maio/19;HEMOPA; 809 ; 1.516 ; 936 ;; 3.261 
maio/19;HEMOPE; 1.253 ; 1.506 ; 1.066 ;; 3.825 
maio/19;HEMOPI; 364 ; 628 ; 381 ;; 1.373 
maio/19;HEMORGS; 1.068 ; 2.112 ; 1.320 ;; 4.500 
maio/19;HEMORIO; 1.510 ; 3.021 ; 1.888 ;; 6.419 
maio/19;HEMOSC; 988 ; 1.966 ; 1.230 ;; 4.184 
maio/19;HEMOSE; 193 ; 284 ; 166 ;; 643 
maio/19;HEMOSUL; 275 ; 338 ; 200 ;; 813 
maio/19;HEMOTO; 203 ; 305 ; 179 ;; 687 
maio/19;SES-SP; 3.977 ; 7.953 ; 4.971 ;; 16.901 
junho/19;CAIES; 5.602 ; 16.896 ; 12.183 ;; 34.681 
junho/19;FHB; 1.488 ; 2.820 ; 1.662 ;; 5.970 
junho/19;HEMEPAR; 721 ; 3.557 ; 2.344 ;; 6.622 
junho/19;HEMERON; 270 ; 166 ; 38 ;; 474 
junho/19;HEMOACRE; 331 ; 258 ; 92 ;; 681 
junho/19;HEMOAL; 584 ; 759 ; 405 ;; 1.748 
junho/19;HEMOAM; 590 ; 774 ; 415 ;; 1.779 
junho/19;HEMOAP; 150 ; 110 ; 26 ;; 286 
junho/19;HEMOBA; 1.256 ; 1.601 ; 1.001 ;; 3.858 
junho/19;HEMOCE; 480 ; 1.888 ; 1.277 ;; 3.645 
junho/19;HEMOES; 696 ; 1.204 ; 600 ;; 2.500 
junho/19;HEMOGO; 719 ; 1.033 ; 576 ;; 2.328 
junho/19;HEMOIBA; 841 ; 1.276 ; 728 ;; 2.845 
junho/19;HEMOMAR; 351 ; 314 ; 126 ;; 791 
junho/19;HEMOMAT; 320 ; 330 ; 135 ;; 785 
junho/19;HEMOMINAS; 1.547 ; 2.692 ; 1.613 ;; 5.852 
junho/19;HEMONORTE; 604 ; 803 ; 433 ;; 1.840 
junho/19;HEMOPA; 720 ; 1.034 ; 577 ;; 2.331 
junho/19;HEMOPE; 1.071 ; 1.737 ; 1.016 ;; 3.824 
junho/19;HEMOPI; 532 ; 655 ; 340 ;; 1.527 
junho/19;HEMORGS; 1.570 ; 2.734 ; 1.639 ;; 5.943 
junho/19;HEMORIO; 1.678 ; 3.046 ; 1.722 ;; 6.446 
junho/19;HEMOSC; 889 ; 1.490 ; 750 ;; 3.129 
junho/19;HEMOSE; 300 ; 200 ; 56 ;; 556 
junho/19;HEMOSUL; 419 ; 433 ; 201 ;; 1.053 
junho/19;HEMOTO; 271 ; 190 ; 45 ;; 506 
julho/19;CAIES; 4.218 ; 9.355 ; 5.148 ;; 18.721 
julho/19;FHB; 856 ; 1.586 ; 975 ;; 3.417 
julho/19;HEMEPAR; 617 ; 3.311 ; 2.327 ;; 6.255 
julho/19;HEMERON; 136 ; 147 ; 76 ;; 359 
julho/19;HEMOACRE; 100 ; 72 ; 29 ;; 201 
julho/19;HEMOAL; 590 ; 1.053 ; 642 ;; 2.285 
julho/19;HEMOAM; 467 ; 808 ; 489 ;; 1.764 
julho/19;HEMOAP; 131 ; 133 ; 67 ;; 331 
julho/19;HEMOBA; 709 ; 1.292 ; 792 ;; 2.793 
julho/19;HEMOCE; 387 ; 1.950 ; 1.364 ;; 3.701 
julho/19;HEMOES; 529 ; 931 ; 566 ;; 2.026 
julho/19;HEMOGO; 431 ; 733 ; 442 ;; 1.606 
julho/19;HEMOIBA; 402 ; 675 ; 406 ;; 1.483 
julho/19;HEMOMAR; 541 ; 955 ; 581 ;; 2.077 
julho/19;HEMOMAT; 143 ; 158 ; 83 ;; 384 
julho/19;HEMOMINAS; 2.011 ; 3.793 ; 2.420 ;; 8.224 
julho/19;HEMONORTE; 579 ; 1.032 ; 629 ;; 2.240 
julho/19;HEMOPA; 871 ; 1.616 ; 994 ;; 3.481 
julho/19;HEMOPE; 1.083 ; 2.034 ; 1.253 ;; 4.370 
julho/19;HEMOPI; 300 ; 469 ; 277 ;; 1.046 
julho/19;HEMORGS; 1.037 ; 1.944 ; 1.194 ;; 4.175 
julho/19;HEMORIO; 1.743 ; 3.352 ; 2.075 ;; 7.170 
julho/19;HEMOSC; 908 ; 1.689 ; 1.040 ;; 3.637 
julho/19;HEMOSE; 291 ; 457 ; 270 ;; 1.018 
julho/19;HEMOSUL; 255 ; 380 ; 221 ;; 856 
julho/19;HEMOTO; 149 ; 170 ; 90 ;; 409 
julho/19;SES-SP; 4.516 ; 7.905 ; 5.550 ;; 17.971 
agosto/19;CAIES; 4.224 ; 8.336 ; 5.276 ;; 17.836 
agosto/19;FHB; 1.120 ; 2.135 ; 1.328 ;; 4.583 
agosto/19;HEMEPAR; 672 ; 2.850 ; 1.757 ;; 5.279 
agosto/19;HEMERON; 53 ; 81 ; 54 ;; 188 
agosto/19;HEMOACRE; 107 ; 188 ; 121 ;; 416 
agosto/19;HEMOAL; 298 ; 491 ; 300 ;; 1.089 
agosto/19;HEMOAM; 266 ; 508 ; 321 ;; 1.095 
agosto/19;HEMOAP; 58 ; 91 ; 60 ;; 209 
agosto/19;HEMOBA; 1.068 ; 2.030 ; 1.262 ;; 4.360 
agosto/19;HEMOCE; 606 ; 2.045 ; 1.356 ;; 4.007 
agosto/19;HEMOES; 350 ; 595 ; 365 ;; 1.310 
agosto/19;HEMOGO; 948 ; 1.790 ; 1.112 ;; 3.850 
agosto/19;HEMOIBA; 450 ; 796 ; 491 ;; 1.737 
agosto/19;HEMOMAR; 366 ; 627 ; 385 ;; 1.378 
agosto/19;HEMOMAT; 419 ; 733 ; 452 ;; 1.604 
agosto/19;HEMOMINAS; 1.600 ; 3.015 ; 1.868 ;; 6.483 
agosto/19;HEMONORTE; 442 ; 779 ; 480 ;; 1.701 
agosto/19;HEMOPA; 259 ; 493 ; 312 ;; 1.064 
agosto/19;HEMOPE; 840 ; 1.576 ; 978 ;; 3.394 
agosto/19;HEMOPI; 467 ; 829 ; 511 ;; 1.807 
agosto/19;HEMORAIMA; 26 ; 27 ; 20 ;; 73 
agosto/19;HEMORGS; 1.386 ; 2.587 ; 1.600 ;; 5.573 
agosto/19;HEMORIO; 2.185 ; 4.265 ; 2.659 ;; 9.109 
agosto/19;HEMOSC; 650 ; 1.195 ; 740 ;; 2.585 
agosto/19;HEMOSE; 81 ; 136 ; 88 ;; 305 
agosto/19;HEMOSUL; 182 ; 260 ; 156 ;; 598 
agosto/19;HEMOTO; 25 ; 24 ; 18 ;; 67 
agosto/19;SES-SP; 4.852 ; 9.518 ; 5.930 ;; 20.300 
setembro/19;CAIES; 300 ; 600 ; 375 ;; 1.275 
setembro/19;FHB; 1.378 ; 2.756 ; 1.723 ;; 5.857 
setembro/19;HEMEPAR; 2.082 ; 4.163 ; 2.602 ;; 8.847 
setembro/19;HEMERON; 73 ; 146 ; 91 ;; 310 
setembro/19;HEMOACRE; 142 ; 285 ; 178 ;; 605 
setembro/19;HEMOAL; 633 ; 1.266 ; 792 ;; 2.691 
setembro/19;HEMOAM; 324 ; 648 ; 405 ;; 1.377 
setembro/19;HEMOAP; 112 ; 224 ; 140 ;; 476 
setembro/19;HEMOBA; 1.562 ; 3.124 ; 1.953 ;; 6.639 
setembro/19;HEMOCE; 1.252 ; 2.504 ; 1.565 ;; 5.321 
setembro/19;HEMOES; 738 ; 1.477 ; 923 ;; 3.138 
setembro/19;HEMOGO; 836 ; 1.672 ; 1.045 ;; 3.553 
setembro/19;HEMOIBA; 654 ; 1.307 ; 817 ;; 2.778 
setembro/19;HEMOMAR; 389 ; 778 ; 487 ;; 1.654 
setembro/19;HEMOMAT; 180 ; 360 ; 225 ;; 765 
setembro/19;HEMOMINAS; 2.300 ; 4.600 ; 2.875 ;; 9.775 
setembro/19;HEMONORTE; 496 ; 992 ; 620 ;; 2.108 
setembro/19;HEMOPA; 694 ; 1.387 ; 867 ;; 2.948 
setembro/19;HEMOPE; 1.129 ; 2.259 ; 1.412 ;; 4.800 
setembro/19;HEMOPI; 438 ; 876 ; 548 ;; 1.862 
setembro/19;HEMORAIMA; 57 ; 114 ; 71 ;; 242 
setembro/19;HEMORGS; 1.635 ; 3.270 ; 2.044 ;; 6.949 
setembro/19;HEMORIO; 2.597 ; 5.194 ; 3.246 ;; 11.037 
setembro/19;HEMOSC; 839 ; 1.678 ; 1.049 ;; 3.566 
setembro/19;HEMOSE; 226 ; 452 ; 283 ;; 961 
setembro/19;HEMOTO; 86 ; 173 ; 108 ;; 367 
setembro/19;SES-SP; 2.848 ; 5.695 ; 3.556 ;; 12.099 
outubro/19;CAIES; 200 ; 3.108 ; 1.531 ;; 4.839 
outubro/19;FHB; 1.238 ; 2.225 ; 1.423 ;; 4.886 
outubro/19;HEMEPAR; 880 ; 3.964 ; 2.253 ;; 7.097 
outubro/19;HEMERON; 152 ; 178 ; 128 ;; 458 
outubro/19;HEMOACRE; 210 ; 295 ; 200 ;; 705 
outubro/19;HEMOAL; 516 ; 906 ; 583 ;; 2.005 
outubro/19;HEMOAM; 408 ; 690 ; 448 ;; 1.546 
outubro/19;HEMOAP; 26 ; 51 ; 33 ;; 110 
outubro/19;HEMOBA; 1.676 ; 2.852 ; 1.845 ;; 6.373 
outubro/19;HEMOCE; 904 ; 2.758 ; 1.655 ;; 5.317 
outubro/19;HEMOES; 380 ; 635 ; 413 ;; 1.428 
outubro/19;HEMOGO; 980 ; 1.710 ; 1.100 ;; 3.790 
outubro/19;HEMOIBA; 702 ; 1.403 ; 878 ;; 2.983 
outubro/19;HEMOMAR; 408 ; 690 ; 448 ;; 1.546 
outubro/19;HEMOMAT; 346 ; 568 ; 370 ;; 1.284 
outubro/19;HEMOMINAS; 2.580 ; 4.410 ; 2.850 ;; 9.840 
outubro/19;HEMONORTE; 478 ; 831 ; 535 ;; 1.844 
outubro/19;HEMOPA; 690 ; 1.255 ; 800 ;; 2.745 
outubro/19;HEMOPE; 1.180 ; 1.884 ; 1.238 ;; 4.302 
outubro/19;HEMOPI; 302 ; 503 ; 328 ;; 1.133 
outubro/19;HEMORAIMA; 104 ; 54 ; 15 ;; 173 
outubro/19;HEMORGS; 1.848 ; 3.446 ; 2.185 ;; 7.479 
outubro/19;HEMORIO; 2.280 ; 4.060 ; 2.600 ;; 8.940 
outubro/19;HEMOSC; 1.108 ; 1.717 ; 1.135 ;; 3.960 
outubro/19;HEMOSE; 144 ; 162 ; 118 ;; 424 
outubro/19;HEMOSUL; 312 ; 499 ; 328 ;; 1.139 
outubro/19;HEMOTO; 48 ; 96 ; 60 ;; 204 
outubro/19;SES-SP; 3.900 ; 7.050 ; 4.500 ;; 15.450 
novembro/19;CAIES; 761 ; 1.410 ; 601 ;; 2.772 
novembro/19;FHB; 1.277 ; 2.454 ; 1.547 ;; 5.278 
novembro/19;HEMEPAR; 776 ; 3.800 ; 2.336 ;; 6.912 
novembro/19;HEMERON; 155 ; 209 ; 143 ;; 507 
novembro/19;HEMOACRE; 192 ; 284 ; 190 ;; 666 
novembro/19;HEMOAL; 563 ; 1.030 ; 656 ;; 2.249 
novembro/19;HEMOAM; 469 ; 837 ; 536 ;; 1.842 
novembro/19;HEMOAP; 60 ; 120 ; 75 ;; 255 
novembro/19;HEMOBA; 1.460 ; 2.795 ; 1.763 ;; 6.018 
novembro/19;HEMOCE; 1.104 ; 2.207 ; 1.379 ;; 4.690 
novembro/19;HEMOES; 797 ; 1.670 ; 1.034 ;; 3.501 
novembro/19;HEMOGO; 993 ; 1.680 ; 1.088 ;; 3.761 
novembro/19;HEMOIBA; 414 ; 1.328 ; 868 ;; 2.610 
novembro/19;HEMOMAR; 304 ; 507 ; 330 ;; 1.141 
novembro/19;HEMOMAT; 56 ; 111 ; 69 ;; 236 
novembro/19;HEMOMINAS; 1.748 ; 3.228 ; 2.044 ;; 7.020 
novembro/19;HEMONORTE; 465 ; 830 ; 531 ;; 1.826 
novembro/19;HEMOPA; 620 ; 1.137 ; 724 ;; 2.481 
novembro/19;HEMOPE; 1.235 ; 2.471 ; 1.544 ;; 5.250 
novembro/19;HEMOPI; 398 ; 695 ; 447 ;; 1.540 
novembro/19;HEMORAIMA; 88 ; 38 ; 25 ;; 151 
novembro/19;HEMORGS; 1.382 ; 2.663 ; 1.677 ;; 5.722 
novembro/19;HEMORIO; 1.903 ; 3.626 ; 2.269 ;; 7.798 
novembro/19;HEMOSC; 950 ; 1.800 ; 1.136 ;; 3.886 
novembro/19;HEMOSE; 260 ; 420 ; 275 ;; 955 
novembro/19;HEMOSUL; 350 ; 590 ; 380 ;; 1.320 
novembro/19;HEMOTO; 150 ; 200 ; 138 ;; 488 
novembro/19;SES-SP; 5.070 ; 9.860 ; 6.195 ;; 21.125 
dezembro/19;CAIES; 2.564 ; 5.558 ; 3.580 ;; 11.702 
dezembro/19;FHB; 1.312 ; 2.526 ; 1.564 ;; 5.402 
dezembro/19;HEMEPAR; 820 ; 4.500 ; 2.970 ;; 8.290 
dezembro/19;HEMERON; 150 ; 199 ; 113 ;; 462 
dezembro/19;HEMOACRE; 137 ; 173 ; 97 ;; 407 
dezembro/19;HEMOAL; 470 ; 837 ; 512 ;; 1.819 
dezembro/19;HEMOAM; 462 ; 824 ; 503 ;; 1.789 
dezembro/19;HEMOAP; 128 ; 155 ; 86 ;; 369 
dezembro/19;HEMOBA; 926 ; 1.753 ; 1.082 ;; 3.761 
dezembro/19;HEMOCE; 1.252 ; 2.584 ; 1.625 ;; 5.461 
dezembro/19;HEMOES; 450 ; 801 ; 489 ;; 1.740 
dezembro/19;HEMOGO; 763 ; 1.427 ; 881 ;; 3.071 
dezembro/19;HEMOIBA; 310 ; 1.099 ; 608 ;; 2.017 
dezembro/19;HEMOMAR; 614 ; 1.127 ; 693 ;; 2.434 
dezembro/19;HEMOMAT; 502 ; 903 ; 553 ;; 1.958 
dezembro/19;HEMOMINAS; 2.070 ; 3.549 ; 2.258 ;; 7.877 
dezembro/19;HEMONORTE; 552 ; 1.005 ; 617 ;; 2.174 
dezembro/19;HEMOPA; 670 ; 1.239 ; 763 ;; 2.672 
dezembro/19;HEMOPE; 1.122 ; 2.141 ; 1.327 ;; 4.590 
dezembro/19;HEMOPI; 526 ; 951 ; 583 ;; 2.060 
dezembro/19;HEMORAIMA; 14 ; 29 ; 18 ;; 61 
dezembro/19;HEMORGS; 1.674 ; 3.247 ; 2.018 ;; 6.939 
dezembro/19;HEMORIO; 2.552 ; 4.652 ; 2.918 ;; 10.122 
dezembro/19;HEMOSC; 1.188 ; 2.274 ; 1.410 ;; 4.872 
dezembro/19;HEMOSE; 255 ; 409 ; 244 ;; 908 
dezembro/19;HEMOSUL; 263 ; 427 ; 252 ;; 942 
dezembro/19;HEMOTO; 180 ; 258 ; 151 ;; 589 
dezembro/19;SES-SP; 6.074 ; 11.353 ; 7.085 ;; 24.512 
janeiro/20;HEMOACRE; 160 ; 200 ; 115 ;; 475 
janeiro/20;HEMONORTE; 352 ; 600 ; 367 ;; 1.319 
janeiro/20;HEMOBA; 980 ; 1.830 ; 1.130 ;; 3.940 
janeiro/20;HEMOSE; 150 ; 235 ; 130 ;; 515 
janeiro/20;HEMEPAR; 800 ; 3.268 ; 2.246 ;; 6.314 
janeiro/20;HEMORIO; 2.750 ; 5.025 ; 3.085 ;; 10.860 
janeiro/20;HEMOSC; 940 ; 1.750 ; 1.100 ;; 3.790 
janeiro/20;HEMOPE; 750 ; 1.395 ; 860 ;; 3.005 
janeiro/20;HEMOPI; 400 ; 700 ; 430 ;; 1.530 
janeiro/20;HEMOMAR; 348 ; 582 ; 352 ;; 1.282 
janeiro/20;HEMOCE; 900 ; 1.714 ; 1.063 ;; 3.677 
janeiro/20;HEMOAL; 390 ; 655 ; 400 ;; 1.445 
janeiro/20;HEMOMINAS; 2.300 ; 4.000 ; 2.435 ;; 8.735 
janeiro/20;HEMORGS; 1.200 ; 2.070 ; 1.285 ;; 4.555 
janeiro/20;HEMOPA; 400 ; 700 ; 430 ;; 1.530 
janeiro/20;CAIES; 4.728 ; 12.056 ; 7.460 ;; 24.244 
janeiro/20;HEMOGO; 600 ; 1.080 ; 660 ;; 2.340 
janeiro/20;HEMOAM; 400 ; 760 ; 480 ;; 1.640 
janeiro/20;HEMOAP; 70 ; 100 ; 60 ;; 230 
janeiro/20;HEMOTO; 140 ; 165 ; 110 ;; 415 
janeiro/20;HEMOES; 442 ; 745 ; 472 ;; 1.659 
janeiro/20;HEMOSUL; 200 ; 280 ; 160 ;; 640 
janeiro/20;HEMOIBA; 400 ; 890 ; 555 ;; 1.845 
janeiro/20;HEMORAIMA; 60 ; 70 ; 40 ;; 170 
janeiro/20;HEMERON; 120 ; 130 ; 70 ;; 320 
janeiro/20;SES-SP; 4.020 ; 7.000 ; 4.505 ;; 15.525 
fevereiro/20;HEMOACRE; 201 ; 241 ; 110 ;; 552 
fevereiro/20;HEMONORTE; 497 ; 833 ; 481 ;; 1.811 
fevereiro/20;HEMOBA; 1.175 ; 2.184 ; 1.325 ;; 4.684 
fevereiro/20;HEMOSE; 285 ; 411 ; 217 ;; 913 
fevereiro/20;HEMEPAR; 677 ; 3.420 ; 2.244 ;; 6.341 
fevereiro/20;HEMORIO; 2.100 ; 3.697 ; 2.228 ;; 8.025 
fevereiro/20;HEMOSC; 983 ; 1.803 ; 1.088 ;; 3.874 
fevereiro/20;HEMOPE; 997 ; 1.834 ; 1.107 ;; 3.938 
fevereiro/20;HEMOPI; 351 ; 539 ; 297 ;; 1.187 
fevereiro/20;HEMOMAR; 405 ; 649 ; 365 ;; 1.419 
fevereiro/20;HEMOCE; 626 ; 2.216 ; 1.365 ;; 4.207 
fevereiro/20;HEMOAL; 578 ; 997 ; 583 ;; 2.158 
fevereiro/20;HEMOMAT; 264 ; 371 ; 192 ;; 827 
fevereiro/20;HEMOMINAS; 2.289 ; 3.915 ; 2.450 ;; 8.654 
fevereiro/20;HEMORGS; 1.761 ; 3.355 ; 2.057 ;; 7.173 
fevereiro/20;HEMOPA; 776 ; 1.394 ; 831 ;; 3.001 
fevereiro/20;CAIES; 552 ; 3.442 ; 3.041 ;; 7.035 
fevereiro/20;HEMOGO; 877 ; 1.593 ; 956 ;; 3.426 
fevereiro/20;HEMOAM; 525 ; 892 ; 518 ;; 1.935 
fevereiro/20;HEMOAP; 158 ; 115 ; 77 ;; 350 
fevereiro/20;HEMOTO; 178 ; 196 ; 82 ;; 456 
fevereiro/20;FHB; 800 ; 1.439 ; 819 ;; 3.058 
fevereiro/20;HEMOES; 689 ; 1.216 ; 720 ;; 2.625 
fevereiro/20;HEMOSUL; 308 ; 457 ; 245 ;; 1.010 
fevereiro/20;HEMOIBA; 601 ; 1.042 ; 611 ;; 2.254 
fevereiro/20;HEMORAIMA; 116 ; 35 ; 27 ;; 178 
fevereiro/20;HEMERON; 128 ; 54 ; 40 ;; 222 
fevereiro/20;SES-SP; 5.103 ; 9.660 ; 5.924 ;; 20.687 
março/20;HEMOACRE; 151 ; 172 ; 115 ;; 438 
março/20;HEMONORTE; 489 ; 770 ; 500 ;; 1.759 
março/20;HEMOBA; 1.257 ; 2.190 ; 1.380 ;; 4.827 
março/20;HEMOSE; 251 ; 366 ; 237 ;; 854 
março/20;HEMEPAR; 700 ; 3.990 ; 2.830 ;; 7.520 
março/20;HEMORIO; 2.450 ; 4.195 ; 2.565 ;; 9.210 
março/20;HEMOSC; 857 ; 1.522 ; 948 ;; 3.327 
março/20;HEMOPE; 813 ; 1.470 ; 927 ;; 3.210 
março/20;HEMOPI; 553 ; 900 ; 560 ;; 2.013 
março/20;HEMOMAR; 405 ; 481 ; 331 ;; 1.217 
março/20;HEMOCE; 961 ; 1.814 ; 1.139 ;; 3.914 
março/20;HEMOAL; 509 ; 840 ; 530 ;; 1.879 
março/20;HEMOMAT; 205 ; 214 ; 130 ;; 549 
março/20;HEMOMINAS; 2.000 ; 3.380 ; 2.060 ;; 7.440 
março/20;HEMORGS; 1.225 ; 2.256 ; 1.406 ;; 4.887 
março/20;HEMOPA; 503 ; 835 ; 535 ;; 1.873 
março/20;CAIES; 6.075 ; 15.314 ; 9.152 ;; 30.541 
março/20;HEMOGO; 1.125 ; 1.824 ; 1.180 ;; 4.129 
março/20;HEMOAM; 503 ; 714 ; 472 ;; 1.689 
março/20;HEMOAP; 89 ; 71 ; 50 ;; 210 
março/20;HEMOTO; 163 ; 195 ; 130 ;; 488 
março/20;FHB; 1.236 ; 2.254 ; 1.400 ;; 4.890 
março/20;HEMOES; 526 ; 900 ; 574 ;; 2.000 
março/20;HEMOSUL; 227 ; 245 ; 147 ;; 619 
março/20;HEMOIBA; 481 ; 856 ; 540 ;; 1.877 
março/20;HEMORAIMA; 65 ; 22 ; 20 ;; 107 
março/20;HEMERON; 181 ; 210 ; 142 ;; 533 
abril/20;HEMOACRE; 68 ; 133 ; 83 ;; 284 
abril/20;HEMONORTE; 353 ; 705 ; 440 ;; 1.498 
abril/20;HEMOBA; 1.351 ; 2.702 ; 1.689 ;; 5.742 
abril/20;HEMOSE; 183 ; 363 ; 227 ;; 773 
abril/20;HEMEPAR; 800 ; 3.600 ; 2.500 ;; 6.900 
abril/20;HEMORIO; 2.000 ; 4.000 ; 2.500 ;; 8.500 
abril/20;HEMOSC; 901 ; 1.803 ; 1.126 ;; 3.830 
abril/20;HEMOPE; 1.035 ; 2.072 ; 1.295 ;; 4.402 
abril/20;HEMOPI; 501 ; 1.000 ; 625 ;; 2.126 
abril/20;HEMOMAR; 216 ; 430 ; 269 ;; 915 
abril/20;HEMOCE; 1.151 ; 2.301 ; 1.439 ;; 4.891 
abril/20;HEMOAL; 358 ; 715 ; 447 ;; 1.520 
abril/20;HEMOMAT; 399 ; 797 ; 498 ;; 1.694 
abril/20;HEMOMINAS; 2.500 ; 4.000 ; 2.375 ;; 8.875 
abril/20;HEMORGS; 1.722 ; 3.441 ; 2.151 ;; 7.314 
abril/20;HEMOPA; 648 ; 1.296 ; 811 ;; 2.755 
abril/20;CAIES; 5.264 ; 9.551 ; 5.845 ;; 20.660 
abril/20;HEMOGO; 1.079 ; 2.156 ; 1.347 ;; 4.582 
abril/20;HEMOAM; 607 ; 1.212 ; 757 ;; 2.576 
abril/20;HEMOAP; 84 ; 167 ; 105 ;; 356 
abril/20;HEMOTO; 96 ; 194 ; 121 ;; 411 
abril/20;FHB; 1.165 ; 2.328 ; 1.455 ;; 4.948 
abril/20;HEMOES; 473 ; 943 ; 589 ;; 2.005 
abril/20;HEMOSUL; 139 ; 279 ; 174 ;; 592 
abril/20;HEMOIBA; 774 ; 1.544 ; 965 ;; 3.283 
abril/20;HEMORAIMA; 33 ; 69 ; 43 ;; 145 
abril/20;HEMERON; 100 ; 199 ; 124 ;; 423 
maio/20;HEMOACRE;; 320 ; 240 ;; 560 
maio/20;HEMONORTE; 486 ; 892 ; 548 ;; 1.926 
maio/20;HEMOBA; 1.240 ; 2.400 ; 1.490 ;; 5.130 
maio/20;HEMOSE; 240 ; 400 ; 240 ;; 880 
maio/20;HEMORIO; 2.160 ; 4.240 ; 2.640 ;; 9.040 
maio/20;HEMOPE; 1.061 ; 2.042 ; 1.266 ;; 4.369 
maio/20;HEMOPI; 449 ; 818 ; 501 ;; 1.768 
maio/20;HEMOMAR; 406 ; 732 ; 447 ;; 1.585 
maio/20;HEMOCE; 1.160 ; 2.240 ; 1.390 ;; 4.790 
maio/20;HEMOAL; 540 ; 1.000 ; 615 ;; 2.155 
maio/20;HEMOMAT; 260 ; 440 ; 265 ;; 965 
maio/20;HEMORGS; 1.540 ; 3.000 ; 1.865 ;; 6.405 
maio/20;HEMOPA; 640 ; 1.200 ; 740 ;; 2.580 
maio/20;CAIES; 4.873 ; 12.906 ; 8.212 ;; 25.991 
maio/20;HEMOGO; 840 ; 1.600 ; 990 ;; 3.430 
maio/20;HEMOAM; 440 ; 800 ; 490 ;; 1.730 
maio/20;HEMOAP; 112 ; 144 ; 80 ;; 336 
maio/20;HEMOTO; 160 ; 240 ; 140 ;; 540 
maio/20;HEMOES; 640 ; 1.200 ; 740 ;; 2.580 
maio/20;HEMOSUL; 276 ; 472 ; 285 ;; 1.033 
maio/20;HEMOIBA; 649 ; 1.218 ; 751 ;; 2.618 
maio/20;HEMORAIMA; 96 ; 112 ; 60 ;; 268 
maio/20;HEMERON; 132 ; 184 ; 105 ;; 421 
maio/20;SES-SP; 5.600 ; 9.400 ; 5.900 ;; 20.900 
junho/20;HEMOACRE; 124 ; 254 ; 160 ;; 538 
junho/20;HEMONORTE; 358 ; 715 ; 448 ;; 1.521 
junho/20;HEMOBA; 592 ; 1.186 ; 741 ;; 2.519 
junho/20;HEMOSE; 134 ; 267 ; 168 ;; 569 
junho/20;HEMEPAR; 800 ; 3.800 ; 2.600 ;; 7.200 
junho/20;HEMORIO; 1.800 ; 3.600 ; 2.250 ;; 7.650 
junho/20;HEMOSC; 900 ; 1.790 ; 1.115 ;; 3.805 
junho/20;HEMOPE; 1.416 ; 2.830 ; 1.769 ;; 6.015 
junho/20;HEMOPI; 352 ; 706 ; 441 ;; 1.499 
junho/20;HEMOMAR; 238 ; 475 ; 297 ;; 1.010 
junho/20;HEMOCE; 1.324 ; 2.648 ; 1.656 ;; 5.628 
junho/20;HEMOAL; 524 ; 1.046 ; 654 ;; 2.224 
junho/20;HEMOMAT; 284 ; 566 ; 354 ;; 1.204 
junho/20;HEMORGS; 1.244 ; 2.492 ; 1.558 ;; 5.294 
junho/20;HEMOPA; 280 ; 560 ; 350 ;; 1.190 
junho/20;CAIES; 6.764 ; 11.340 ; 6.860 ;; 24.964 
junho/20;HEMOGO; 1.022 ; 2.043 ; 1.277 ;; 4.342 
junho/20;HEMOAM; 262 ; 525 ; 327 ;; 1.114 
junho/20;HEMOAP; 42 ; 83 ; 53 ;; 178 
junho/20;HEMOTO; 80 ; 160 ; 100 ;; 340 
junho/20;HEMOES; 480 ; 960 ; 600 ;; 2.040 
junho/20;HEMOSUL; 220 ; 440 ; 274 ;; 934 
junho/20;HEMOIBA; 672 ; 1.338 ; 838 ;; 2.848 
junho/20;HEMORAIMA; 32 ; 64 ; 40 ;; 136 
junho/20;HEMERON; 56 ; 112 ; 70 ;; 238 
junho/20;SES-SP; 4.000 ; 8.000 ; 5.000 ;; 17.000 
julho/20;HEMOACRE; 126 ; 252 ; 157 ;; 535 
julho/20;HEMONORTE; 400 ; 800 ; 500 ;; 1.700 
julho/20;HEMOBA; 1.082 ; 2.165 ; 1.353 ;; 4.600 
julho/20;HEMOSE; 196 ; 394 ; 245 ;; 835 
julho/20;HEMEPAR; 875 ; 4.022 ; 2.600 ;; 7.497 
julho/20;HEMORIO; 1.265 ; 2.528 ; 1.580 ;; 5.373 
julho/20;HEMOSC; 820 ; 1.640 ; 1.025 ;; 3.485 
julho/20;HEMOPE; 878 ; 1.754 ; 1.096 ;; 3.728 
julho/20;HEMOPI; 470 ; 941 ; 588 ;; 1.999 
julho/20;HEMOMAR; 483 ; 962 ; 602 ;; 2.047 
julho/20;HEMOCE; 1.451 ; 2.901 ; 1.813 ;; 6.165 
julho/20;HEMOAL; 373 ; 749 ; 468 ;; 1.590 
julho/20;HEMOMAT; 117 ; 232 ; 146 ;; 495 
julho/20;HEMORGS; 1.759 ; 3.518 ; 2.199 ;; 7.476 
julho/20;HEMOPA; 458 ; 915 ; 573 ;; 1.946 
julho/20;CAIES; 10.061 ; 17.861 ; 11.078 ;; 39.000 
julho/20;HEMOAM; 366 ; 728 ; 455 ;; 1.549 
julho/20;HEMOAP; 67 ; 133 ; 84 ;; 284 
julho/20;HEMOTO; 47 ; 100 ; 62 ;; 209 
julho/20;FHB; 1.215 ; 2.430 ; 1.518 ;; 5.163 
julho/20;HEMOES; 516 ; 1.028 ; 642 ;; 2.186 
julho/20;HEMOSUL; 238 ; 477 ; 298 ;; 1.013 
julho/20;HEMOIBA; 595 ; 1.190 ; 743 ;; 2.528 
julho/20;HEMERON; 142 ; 280 ; 175 ;; 597 
agosto/20;HEMOACRE;; 157 ; 115 ;; 272 
agosto/20;HEMONORTE; 191 ; 377 ; 235 ;; 803 
agosto/20;HEMOBA; 572 ; 1.143 ; 714 ;; 2.429 
agosto/20;HEMOSE; 193 ; 379 ; 236 ;; 808 
agosto/20;HEMEPAR; 900 ; 3.755 ; 2.400 ;; 7.055 
agosto/20;HEMORIO; 1.685 ; 3.363 ; 2.102 ;; 7.150 
agosto/20;HEMOSC; 922 ; 1.843 ; 1.152 ;; 3.917 
agosto/20;HEMOPE; 867 ; 1.738 ; 1.084 ;; 3.689 
agosto/20;HEMOPI; 439 ; 872 ; 545 ;; 1.856 
agosto/20;HEMOMAR; 165 ; 329 ; 206 ;; 700 
agosto/20;HEMOCE; 1.190 ; 2.378 ; 1.487 ;; 5.055 
agosto/20;HEMOAL; 523 ; 1.045 ; 653 ;; 2.221 
agosto/20;HEMOMAT; 436 ; 872 ; 545 ;; 1.853 
agosto/20;HEMORGS; 1.689 ; 3.371 ; 2.107 ;; 7.167 
agosto/20;HEMOPA; 640 ; 1.277 ; 798 ;; 2.715 
agosto/20;CAIES; 9.889 ; 17.733 ; 11.018 ;; 38.640 
agosto/20;HEMOAM; 397 ; 795 ; 496 ;; 1.688 
agosto/20;HEMOAP; 45 ; 83 ; 52 ;; 180 
agosto/20;HEMOTO; 168 ; 330 ; 206 ;; 704 
agosto/20;FHB; 1.569 ; 3.136 ; 1.960 ;; 6.665 
agosto/20;HEMOES; 446 ; 886 ; 554 ;; 1.886 
agosto/20;HEMOSUL; 134 ; 267 ; 167 ;; 568 
agosto/20;HEMOIBA; 819 ; 1.639 ; 1.024 ;; 3.482 
agosto/20;HEMORAIMA; 41 ; 79 ; 49 ;; 169 
agosto/20;HEMERON; 80 ; 153 ; 95 ;; 328 
setembro/20;HEMOACRE;; 260 ; 140 ;; 400 
setembro/20;HEMONORTE; 460 ; 920 ; 580 ;; 1.960 
setembro/20;HEMOBA; 1.180 ; 2.360 ; 1.480 ;; 5.020 
setembro/20;HEMOSE; 140 ; 280 ; 180 ;; 600 
setembro/20;HEMEPAR; 720 ; 3.160 ; 2.160 ;; 6.040 
setembro/20;HEMORIO; 1.760 ; 3.540 ; 2.200 ;; 7.500 
setembro/20;HEMOSC; 900 ; 1.820 ; 1.140 ;; 3.860 
setembro/20;HEMOPE; 900 ; 1.780 ; 1.120 ;; 3.800 
setembro/20;HEMOPI; 420 ; 840 ; 520 ;; 1.780 
setembro/20;HEMOMAR; 340 ; 700 ; 440 ;; 1.480 
setembro/20;HEMOCE; 860 ; 1.720 ; 1.080 ;; 3.660 
setembro/20;HEMOAL; 340 ; 680 ; 420 ;; 1.440 
setembro/20;HEMOMAT; 400 ; 800 ; 500 ;; 1.700 
setembro/20;HEMOMINAS; 2.080 ; 4.160 ; 2.600 ;; 8.840 
setembro/20;HEMORGS; 1.240 ; 2.480 ; 1.560 ;; 5.280 
setembro/20;HEMOPA; 1.220 ; 2.440 ; 1.520 ;; 5.180 
setembro/20;CAIES; 3.680 ; 3.760 ; 2.380 ;; 9.820 
setembro/20;HEMOGO; 760 ; 1.520 ; 960 ;; 3.240 
setembro/20;HEMOAM; 320 ; 640 ; 400 ;; 1.360 
setembro/20;HEMOAP; 60 ; 120 ; 80 ;; 260 
setembro/20;HEMOTO; 120 ; 220 ; 140 ;; 480 
setembro/20;FHB; 820 ; 1.640 ; 1.020 ;; 3.480 
setembro/20;HEMOES; 560 ; 1.140 ; 700 ;; 2.400 
setembro/20;HEMOSUL; 140 ; 260 ; 160 ;; 560 
setembro/20;HEMOIBA;; 1.400 ; 800 ;; 2.200 
setembro/20;HEMORAIMA;; 200 ;;; 200 
setembro/20;HEMERON; 140 ; 260 ; 160 ;; 560 
setembro/20;SES-SP; 4.440 ; 8.900 ; 5.560 ;; 18.900 
outubro/20;HEMOACRE;; 240 ; 180 ;; 420 
outubro/20;HEMONORTE; 380 ; 740 ; 460 ;; 1.580 
outubro/20;HEMOBA; 1.240 ; 2.480 ; 1.540 ;; 5.260 
outubro/20;HEMOSE; 200 ; 400 ; 240 ;; 840 
outubro/20;HEMEPAR; 700 ; 3.440 ; 2.140 ;; 6.280 
outubro/20;HEMORIO; 1.340 ; 2.660 ; 1.660 ;; 5.660 
outubro/20;HEMOSC; 780 ; 1.580 ; 980 ;; 3.340 
outubro/20;HEMOPE; 800 ; 1.620 ; 1.000 ;; 3.420 
outubro/20;HEMOPI; 400 ; 780 ; 500 ;; 1.680 
outubro/20;HEMOMAR; 360 ; 740 ; 460 ;; 1.560 
outubro/20;HEMOCE; 1.120 ; 2.240 ; 1.400 ;; 4.760 
outubro/20;HEMOAL; 480 ; 980 ; 600 ;; 2.060 
outubro/20;HEMOMAT; 200 ; 400 ; 240 ;; 840 
outubro/20;HEMOMINAS; 2.000 ; 4.000 ; 2.500 ;; 8.500 
outubro/20;HEMORGS; 1.080 ; 2.160 ; 1.360 ;; 4.600 
outubro/20;HEMOPA; 240 ; 480 ; 300 ;; 1.020 
outubro/20;CAIES; 4.420 ; 4.780 ; 3.620 ;; 12.820 
outubro/20;HEMOGO; 780 ; 1.540 ; 960 ;; 3.280 
outubro/20;HEMOAM; 480 ; 960 ; 600 ;; 2.040 
outubro/20;HEMOAP; 60 ; 100 ; 60 ;; 220 
outubro/20;HEMOTO; 40 ; 60 ; 40 ;; 140 
outubro/20;FHB; 1.440 ; 2.880 ; 1.800 ;; 6.120 
outubro/20;HEMOES; 520 ; 1.020 ; 640 ;; 2.180 
outubro/20;HEMOSUL; 200 ; 400 ; 260 ;; 860 
outubro/20;HEMOIBA;; 1.220 ; 820 ;; 2.040 
outubro/20;HEMERON; 100 ; 200 ; 120 ;; 420 
outubro/20;SES-SP; 4.640 ; 9.300 ; 5.820 ;; 19.760 
novembro/20;HEMOACRE;; 160 ; 120 ;; 280 
novembro/20;HEMONORTE; 460 ; 860 ; 600 ;; 1.920 
novembro/20;HEMOBA; 1.000 ; 1.900 ; 1.800 ;; 4.700 
novembro/20;HEMOSE; 160 ; 280 ; 180 ;; 620 
novembro/20;HEMEPAR; 360 ; 3.620 ; 2.000 ;; 5.980 
novembro/20;HEMORIO; 2.000 ; 3.020 ; 2.200 ;; 7.220 
novembro/20;HEMOSC; 1.080 ; 1.860 ; 1.800 ;; 4.740 
novembro/20;HEMOPE; 1.180 ; 1.920 ; 980 ;; 4.080 
novembro/20;HEMOPI; 400 ; 860 ; 520 ;; 1.780 
novembro/20;HEMOMAR; 340 ; 700 ; 440 ;; 1.480 
novembro/20;HEMOCE; 600 ; 1.300 ; 1.600 ;; 3.500 
novembro/20;HEMOAL; 600 ; 640 ; 380 ;; 1.620 
novembro/20;HEMOMAT; 400 ; 560 ; 560 ;; 1.520 
novembro/20;HEMOMINAS; 3.000 ; 4.500 ; 2.200 ;; 9.700 
novembro/20;HEMORGS; 1.600 ; 2.000 ; 1.060 ;; 4.660 
novembro/20;HEMOPA; 1.400 ; 2.380 ; 1.300 ;; 5.080 
novembro/20;CAIES; 3.680 ; 3.760 ; 2.420 ;; 9.860 
novembro/20;HEMOGO; 720 ; 1.460 ; 1.000 ;; 3.180 
novembro/20;HEMOAM; 320 ; 800 ; 520 ;; 1.640 
novembro/20;HEMOAP; 20 ; 120 ; 80 ;; 220 
novembro/20;HEMOTO; 140 ; 220 ; 140 ;; 500 
novembro/20;FHB; 620 ; 1.600 ; 1.100 ;; 3.320 
novembro/20;HEMOES; 620 ; 1.280 ; 620 ;; 2.520 
novembro/20;HEMOSUL; 140 ; 220 ; 180 ;; 540 
novembro/20;HEMOIBA;; 1.420 ; 800 ;; 2.220 
novembro/20;HEMORAIMA;; 200 ; 40 ;; 240 
novembro/20;HEMERON; 160 ; 260 ; 160 ;; 580 
novembro/20;SES-SP; 3.000 ; 10.100 ; 5.200 ;; 18.300 
dezembro/20;HEMOACRE;; 160 ; 120 ;; 280 
dezembro/20;HEMONORTE; 280 ; 860 ; 600 ;; 1.740 
dezembro/20;HEMOBA; 1.000 ; 1.500 ; 1.400 ;; 3.900 
dezembro/20;HEMOSE; 280 ; 380 ; 240 ;; 900 
dezembro/20;HEMEPAR; 400 ; 3.000 ; 2.600 ;; 6.000 
dezembro/20;HEMORIO; 2.000 ; 3.000 ; 2.000 ;; 7.000 
dezembro/20;HEMOSC; 800 ; 2.600 ; 1.000 ;; 4.400 
dezembro/20;HEMOPE; 1.200 ; 1.800 ; 1.000 ;; 4.000 
dezembro/20;HEMOPI; 80 ; 360 ; 400 ;; 840 
dezembro/20;HEMOMAR; 360 ; 700 ; 440 ;; 1.500 
dezembro/20;HEMOCE; 2.000 ; 2.200 ; 2.600 ;; 6.800 
dezembro/20;HEMOAL; 480 ; 600 ; 380 ;; 1.460 
dezembro/20;HEMOMAT; 80 ; 200 ; 280 ;; 560 
dezembro/20;HEMOMINAS; 4.000 ; 5.200 ; 2.000 ;; 11.200 
dezembro/20;HEMORGS; 1.600 ; 2.000 ; 2.000 ;; 5.600 
dezembro/20;HEMOPA; 1.200 ; 1.800 ; 1.000 ;; 4.000 
dezembro/20;CAIES; 3.680 ; 3.760 ; 2.420 ;; 9.860 
dezembro/20;HEMOGO; 800 ; 1.400 ; 1.000 ;; 3.200 
dezembro/20;HEMOAM; 320 ; 800 ; 480 ;; 1.600 
dezembro/20;HEMOAP;; 120 ; 80 ;; 200 
dezembro/20;HEMOTO; 120 ; 220 ; 140 ;; 480 
dezembro/20;FHB; 800 ; 1.600 ; 1.000 ;; 3.400 
dezembro/20;HEMOES; 400 ; 1.400 ; 600 ;; 2.400 
dezembro/20;HEMOSUL; 120 ; 220 ; 180 ;; 520 
dezembro/20;HEMOIBA;; 1.200 ; 800 ;; 2.000 
dezembro/20;HEMORAIMA; 280 ; 60 ; 40 ;; 380 
dezembro/20;HEMERON; 120 ; 60 ; 200 ;; 380 
dezembro/20;SES-SP; 1.600 ; 10.800 ; 5.000 ;; 17.400 
janeiro/21;HEMOACRE;; 200 ; 180 ;; 380 
janeiro/21;HEMONORTE; 160 ; 600 ; 460 ;; 1.220 
janeiro/21;HEMOBA; 1.000 ; 1.100 ; 2.000 ;; 4.100 
janeiro/21;HEMOSE; 280 ; 380 ; 240 ;; 900 
janeiro/21;HEMEPAR;; 3.000 ; 3.300 ;; 6.300 
janeiro/21;HEMORIO; 960 ; 1.920 ; 4.200 ;; 7.080 
janeiro/21;HEMOSC; 800 ; 400 ; 1.800 ;; 3.000 
janeiro/21;HEMOPE; 1.200 ; 1.800 ; 1.000 ;; 4.000 
janeiro/21;HEMOPI;; 200 ; 300 ;; 500 
janeiro/21;HEMOMAR; 300 ; 450 ; 600 ;; 1.350 
janeiro/21;HEMOCE;; 2.000 ; 3.000 ;; 5.000 
janeiro/21;HEMOAL; 480 ; 600 ; 380 ;; 1.460 
janeiro/21;HEMOMAT; 80 ; 200 ; 680 ;; 960 
janeiro/21;HEMOMINAS; 4.000 ; 5.200 ; 2.400 ;; 11.600 
janeiro/21;HEMORGS; 680 ; 460 ; 3.200 ;; 4.340 
janeiro/21;HEMOPA; 1.200 ; 1.400 ; 1.000 ;; 3.600 
janeiro/21;HEMOGO; 800 ; 1.200 ; 1.000 ;; 3.000 
janeiro/21;HEMOAM;; 600 ; 660 ;; 1.260 
janeiro/21;HEMOAP;; 80 ; 160 ;; 240 
janeiro/21;HEMOTO; 120 ; 220 ; 140 ;; 480 
janeiro/21;FHB; 400 ; 1.600 ; 2.300 ;; 4.300 
janeiro/21;HEMOES; 200 ; 900 ; 1.100 ;; 2.200 
janeiro/21;HEMOSUL; 160 ; 200 ; 280 ;; 640 
janeiro/21;HEMOIBA;; 1.200 ; 800 ;; 2.000 
janeiro/21;HEMORAIMA;; 40 ; 80 ;; 120 
janeiro/21;HEMERON; 120 ; 60 ; 200 ;; 380 
janeiro/21;SES-SP; 1.600 ; 3.274 ; 10.263 ;; 15.137 
fevereiro/21;HEMOACRE; 120 ; 200 ; 190 ;; 510 
fevereiro/21;HEMONORTE; 60 ; 462 ; 754 ;; 1.276 
fevereiro/21;HEMOBA; 400 ; 800 ; 1.500 ;; 2.700 
fevereiro/21;HEMOSE; 200 ; 100 ; 100 ;; 400 
fevereiro/21;HEMEPAR;; 2.800 ; 3.600 ;; 6.400 
fevereiro/21;HEMORIO; 800 ; 1.800 ; 3.400 ;; 6.000 
fevereiro/21;HEMOSC; 1.000 ; 300 ; 1.800 ;; 3.100 
fevereiro/21;HEMOPE; 1.600 ; 800 ; 2.400 ;; 4.800 
fevereiro/21;HEMOPI;; 200 ; 500 ;; 700 
fevereiro/21;HEMOMAR; 100 ; 190 ; 480 ;; 770 
fevereiro/21;HEMOCE;; 1.400 ; 2.500 ;; 3.900 
fevereiro/21;HEMOAL; 640 ; 400 ; 1.600 ;; 2.640 
fevereiro/21;HEMOMAT; 80 ; 160 ; 400 ;; 640 
fevereiro/21;HEMOMINAS; 1.200 ; 1.800 ; 3.800 ;; 6.800 
fevereiro/21;HEMORGS; 800 ; 1.800 ; 3.900 ;; 6.500 
fevereiro/21;HEMOPA; 1.400 ; 900 ; 1.600 ;; 3.900 
fevereiro/21;HEMOGO; 100 ; 150 ; 500 ;; 750 
fevereiro/21;HEMOAM; 200 ; 460 ; 660 ;; 1.320 
fevereiro/21;HEMOAP;; 80 ; 260 ;; 340 
fevereiro/21;HEMOTO;; 80 ; 140 ;; 220 
fevereiro/21;FHB; 200 ; 1.400 ; 3.050 ;; 4.650 
fevereiro/21;HEMOES; 214 ; 493 ; 900 ;; 1.607 
fevereiro/21;HEMOSUL; 160 ; 200 ; 260 ;; 620 
fevereiro/21;HEMOIBA;; 1.000 ; 1.500 ;; 2.500 
fevereiro/21;HEMERON;; 400 ; 100 ;; 500 
fevereiro/21;SES-SP;; 4.000 ; 10.600 ;; 14.600 
fevereiro/21;HEMOACRE;; 120 ; 140 ;; 260 
fevereiro/21;HEMONORTE; 1.000 ; 1.600 ; 550 ;; 3.150 
fevereiro/21;HEMOBA; 2.600 ; 4.000 ; 1.950 ;; 8.550 
fevereiro/21;HEMOSE; 340 ; 400 ; 315 ;; 1.055 
fevereiro/21;HEMEPAR; 800 ; 3.400 ; 2.900 ;; 7.100 
fevereiro/21;HEMORIO; 3.000 ; 4.600 ; 2.950 ;; 10.550 
fevereiro/21;HEMOSC; 1.200 ; 2.400 ; 500 ;; 4.100 
fevereiro/21;HEMOPE; 2.000 ; 2.400 ; 1.300 ;; 5.700 
fevereiro/21;HEMOPI; 200 ; 400 ; 550 ;; 1.150 
fevereiro/21;HEMOMAR; 520 ; 600 ; 770 ;; 1.890 
fevereiro/21;HEMOCE;; 1.500 ; 1.450 ;; 2.950 
fevereiro/21;HEMOAL; 560 ; 560 ; 380 ;; 1.500 
fevereiro/21;HEMOMAT; 100 ; 320 ; 255 ;; 675 
fevereiro/21;HEMOMINAS; 4.000 ; 5.800 ; 2.100 ;; 11.900 
fevereiro/21;HEMORGS; 860 ; 2.240 ; 665 ;; 3.765 
fevereiro/21;HEMOPA; 200 ; 530 ; 285 ;; 1.015 
fevereiro/21;HEMOGO; 800 ; 1.200 ; 800 ;; 2.800 
fevereiro/21;HEMOAM; 600 ; 900 ; 400 ;; 1.900 
fevereiro/21;HEMOAP; 80 ; 80 ; 140 ;; 300 
fevereiro/21;HEMOTO; 120 ; 200 ; 170 ;; 490 
fevereiro/21;FHB; 1.000 ; 2.600 ; 1.650 ;; 5.250 
fevereiro/21;HEMOES; 700 ; 1.200 ; 725 ;; 2.625 
fevereiro/21;HEMOSUL; 400 ; 700 ; 250 ;; 1.350 
fevereiro/21;HEMOIBA;; 1.200 ; 800 ;; 2.000 
fevereiro/21;HEMERON; 120 ; 230 ; 115 ;; 465 
fevereiro/21;SES-SP; 2.800 ; 8.820 ; 7.890 ;; 19.510 
fevereiro/21;HEMOACRE;; 200 ; 300 ;; 500 
fevereiro/21;HEMONORTE; 1.200 ; 1.000 ; 1.000 ;; 3.200 
fevereiro/21;HEMOBA; 2.000 ; 1.900 ; 2.750 ;; 6.650 
fevereiro/21;HEMOSE; 200 ; 900 ; 200 ;; 1.300 
fevereiro/21;HEMEPAR; 960 ; 5.600 ; 3.460 ;; 10.020 
fevereiro/21;HEMORIO; 2.200 ; 7.300 ; 2.000 ;; 11.500 
fevereiro/21;HEMOSC; 2.000 ; 5.000 ; 1.200 ;; 8.200 
fevereiro/21;HEMOPE;; 4.800 ; 1.000 ;; 5.800 
fevereiro/21;HEMOPI; 1.400 ; 1.200 ; 650 ;; 3.250 
fevereiro/21;HEMOMAR; 400 ; 600 ; 800 ;; 1.800 
fevereiro/21;HEMOCE;; 2.000 ; 3.000 ;; 5.000 
fevereiro/21;HEMOAL; 1.000 ; 1.200 ; 750 ;; 2.950 
fevereiro/21;HEMOMAT; 400 ; 800 ; 500 ;; 1.700 
fevereiro/21;HEMORGS; 2.000 ; 3.300 ; 3.050 ;; 8.350 
fevereiro/21;HEMOPA; 400 ; 1.520 ; 440 ;; 2.360 
fevereiro/21;CAIES; 6.400 ; 5.500 ; 3.000 ;; 14.900 
fevereiro/21;HEMOAM; 1.000 ; 1.000 ; 1.050 ;; 3.050 
fevereiro/21;HEMOAP; 120 ; 160 ; 190 ;; 470 
fevereiro/21;HEMOTO; 100 ; 400 ; 275 ;; 775 
fevereiro/21;FHB; 2.500 ; 3.500 ; 3.625 ;; 9.625 
fevereiro/21;HEMOES; 1.000 ; 1.200 ; 750 ;; 2.950 
fevereiro/21;HEMOSUL; 200 ; 380 ; 560 ;; 1.140 
fevereiro/21;HEMOIBA;; 1.500 ; 1.000 ;; 2.500 
fevereiro/21;HEMORAIMA; 20 ; 50 ; 70 ;; 140 
fevereiro/21;HEMERON; 100 ; 190 ; 380 ;; 670 
maio/21;HEMOACRE; 80 ; 100 ; 150 ;; 330 
maio/21;HEMONORTE;; 1.000 ; 400 ;; 1.400 
maio/21;HEMOBA; 2.000 ; 3.000 ; 2.600 ;; 7.600 
maio/21;HEMOSE; 200 ; 400 ; 230 ;; 830 
maio/21;HEMEPAR; 960 ; 3.400 ; 3.060 ;; 7.420 
maio/21;HEMORIO; 3.000 ; 6.100 ; 3.000 ;; 12.100 
maio/21;HEMOSC; 2.000 ; 2.000 ; 1.300 ;; 5.300 
maio/21;HEMOPE;; 2.600 ; 1.200 ;; 3.800 
maio/21;HEMOPI; 500 ; 550 ; 800 ;; 1.850 
maio/21;HEMOMAR; 400 ; 600 ; 500 ;; 1.500 
maio/21;HEMOCE;; 2.000 ; 2.200 ;; 4.200 
maio/21;HEMOAL; 1.000 ; 1.200 ; 750 ;; 2.950 
maio/21;HEMOMAT; 200 ; 300 ; 500 ;; 1.000 
maio/21;HEMORGS; 2.000 ; 4.200 ; 2.000 ;; 8.200 
maio/21;HEMOPA; 400 ; 1.520 ; 440 ;; 2.360 
maio/21;CAIES; 9.000 ; 13.060 ; 6.800 ;; 28.860 
maio/21;HEMOGO; 1.000 ; 1.500 ; 2.000 ;; 4.500 
maio/21;HEMOAM; 600 ; 800 ; 750 ;; 2.150 
maio/21;HEMOAP; 160 ; 160 ; 200 ;; 520 
maio/21;HEMOTO; 100 ; 310 ; 120 ;; 530 
maio/21;FHB; 1.000 ; 3.100 ; 1.000 ;; 5.100 
maio/21;HEMOES; 800 ; 1.000 ; 700 ;; 2.500 
maio/21;HEMOIBA;; 2.000 ; 1.000 ;; 3.000 
maio/21;HEMORAIMA; 100 ; 150 ; 100 ;; 350 
maio/21;HEMERON; 100 ; 150 ; 200 ;; 450 
junho/21;HEMOACRE; 40 ; 100 ; 100 ;; 240 
junho/21;HEMONORTE;; 1.000 ; 400 ;; 1.400 
junho/21;HEMOSE; 200 ; 400 ; 230 ;; 830 
junho/21;HEMEPAR; 960 ; 4.500 ; 2.010 ;; 7.470 
junho/21;HEMORIO; 3.000 ; 4.100 ; 2.000 ;; 9.100 
junho/21;HEMOSC; 1.600 ; 2.000 ; 1.000 ;; 4.600 
junho/21;HEMOPE;; 2.000 ; 1.000 ;; 3.000 
junho/21;HEMOPI; 600 ; 700 ; 600 ;; 1.900 
junho/21;HEMOMAR; 400 ; 1.200 ; 500 ;; 2.100 
junho/21;HEMOCE;; 2.000 ; 1.000 ;; 3.000 
junho/21;HEMOAL; 400 ; 1.000 ; 600 ;; 2.000 
junho/21;HEMOMAT; 200 ; 900 ; 400 ;; 1.500 
junho/21;HEMOMINAS; 2.000 ; 6.000 ; 2.400 ;; 10.400 
junho/21;HEMORGS; 2.000 ; 2.200 ; 1.600 ;; 5.800 
junho/21;HEMOPA; 600 ; 1.700 ; 800 ;; 3.100 
junho/21;CAIES; 6.700 ; 2.410 ; 6.250 ;; 15.360 
junho/21;HEMOAM; 800 ; 1.800 ; 900 ;; 3.500 
junho/21;HEMOAP; 200 ; 300 ; 180 ;; 680 
junho/21;HEMOTO; 100 ; 310 ; 120 ;; 530 
junho/21;FHB; 800 ; 1.600 ; 1.000 ;; 3.400 
junho/21;HEMOES; 800 ; 1.000 ; 700 ;; 2.500 
junho/21;HEMOIBA;; 1.700 ; 950 ;; 2.650 
junho/21;HEMORAIMA; 100 ; 130 ; 60 ;; 290 
junho/21;HEMERON; 100 ; 150 ; 200 ;; 450 
junho/21;SES-SP; 4.000 ; 12.000 ; 7.000 ;; 23.000 
julho/21;HEMOACRE; 80 ; 200 ; 130 ;; 410 
julho/21;HEMONORTE;; 1.200 ; 600 ;; 1.800 
julho/21;HEMOBA; 800 ; 2.000 ; 1.500 ;; 4.300 
julho/21;HEMOSE; 100 ; 150 ; 100 ;; 350 
julho/21;HEMEPAR; 960 ; 3.000 ; 2.860 ;; 6.820 
julho/21;HEMORIO; 3.000 ; 3.000 ; 2.750 ;; 8.750 
julho/21;HEMOSC; 1.600 ; 1.600 ; 800 ;; 4.000 
julho/21;HEMOPE;; 2.000 ; 1.400 ;; 3.400 
julho/21;HEMOMAR; 200 ; 700 ; 400 ;; 1.300 
julho/21;HEMOCE;; 3.200 ; 1.800 ;; 5.000 
julho/21;HEMOAL; 400 ; 1.400 ; 1.000 ;; 2.800 
julho/21;HEMOMAT; 200 ; 700 ; 400 ;; 1.300 
julho/21;HEMOMINAS; 2.000 ; 6.000 ; 2.300 ;; 10.300 
julho/21;HEMORGS; 2.000 ; 2.200 ; 1.600 ;; 5.800 
julho/21;HEMOPA; 600 ; 1.700 ; 800 ;; 3.100 
julho/21;CAIES; 6.860 ; 3.350 ; 2.250 ;; 12.460 
julho/21;HEMOAM; 800 ; 1.000 ; 700 ;; 2.500 
julho/21;HEMOTO; 120 ; 400 ; 230 ;; 750 
julho/21;FHB; 800 ; 1.600 ; 1.000 ;; 3.400 
julho/21;HEMOES; 800 ; 1.000 ; 700 ;; 2.500 
julho/21;HEMOSUL; 200 ; 700 ; 400 ;; 1.300 
julho/21;HEMOIBA;; 1.800 ; 1.100 ;; 2.900 
julho/21;HEMERON; 80 ; 300 ; 180 ;; 560 
julho/21;SES-SP; 4.000 ; 12.000 ; 7.000 ;; 23.000 
agosto/21;HEMOACRE; 100 ; 390 ; 180 ;; 670 
agosto/21;HEMONORTE;; 1.200 ; 600 ;; 1.800 
agosto/21;HEMOSE; 200 ; 500 ; 300 ;; 1.000 
agosto/21;HEMEPAR; 960 ; 2.600 ; 2.860 ;; 6.420 
agosto/21;HEMORIO; 2.000 ; 2.100 ; 1.450 ;; 5.550 
agosto/21;HEMOSC; 2.000 ; 2.000 ; 900 ;; 4.900 
agosto/21;HEMOPE;; 2.000 ; 1.200 ;; 3.200 
agosto/21;HEMOPI; 600 ; 900 ; 400 ;; 1.900 
agosto/21;HEMOMAR; 200 ; 700 ; 400 ;; 1.300 
agosto/21;HEMOCE;; 2.000 ; 1.600 ;; 3.600 
agosto/21;HEMOAL; 400 ; 1.000 ; 400 ;; 1.800 
agosto/21;HEMOMAT; 200 ; 900 ; 300 ;; 1.400 
agosto/21;HEMOMINAS; 2.000 ; 5.800 ; 1.600 ;; 9.400 
agosto/21;HEMORGS; 2.000 ; 2.200 ; 1.800 ;; 6.000 
agosto/21;HEMOPA; 400 ; 1.000 ; 600 ;; 2.000 
agosto/21;CAIES; 6.380 ; 7.590 ; 5.360 ;; 19.330 
agosto/21;HEMOGO; 1.600 ; 3.200 ; 1.600 ;; 6.400 
agosto/21;HEMOAM; 800 ; 1.200 ; 600 ;; 2.600 
agosto/21;HEMOAP; 100 ; 170 ; 90 ;; 360 
agosto/21;HEMOTO; 360 ; 500 ; 260 ;; 1.120 
agosto/21;FHB; 800 ; 1.600 ; 1.000 ;; 3.400 
agosto/21;HEMOES; 400 ; 1.000 ; 400 ;; 1.800 
agosto/21;HEMOIBA;; 1.500 ; 1.000 ;; 2.500 
agosto/21;HEMORAIMA; 100 ; 150 ; 100 ;; 350 
agosto/21;SES-SP; 4.000 ; 9.000 ; 7.000 ;; 20.000 
setembro/21;HEMONORTE;; 1.200 ; 600 ;; 1.800 
setembro/21;HEMOBA; 600 ; 2.100 ; 2.400 ;; 5.100 
setembro/21;HEMOSE; 200 ; 500 ; 300 ;; 1.000 
setembro/21;HEMEPAR; 960 ; 5.120 ; 2.000 ;; 8.080 
setembro/21;HEMORIO; 3.000 ; 4.900 ; 2.000 ;; 9.900 
setembro/21;HEMOSC; 2.000 ; 2.000 ; 900 ;; 4.900 
setembro/21;HEMOPE;; 2.000 ; 2.000 ;; 4.000 
setembro/21;HEMOPI; 600 ; 900 ; 400 ;; 1.900 
setembro/21;HEMOMAR; 200 ; 700 ; 600 ;; 1.500 
setembro/21;HEMOCE;; 3.000 ; 2.100 ;; 5.100 
setembro/21;HEMOAL; 400 ; 1.000 ; 400 ;; 1.800 
setembro/21;HEMOMAT; 400 ; 600 ; 600 ;; 1.600 
setembro/21;HEMOMINAS; 3.000 ; 5.700 ; 2.200 ;; 10.900 
setembro/21;HEMORGS; 2.000 ; 2.600 ; 1.800 ;; 6.400 
setembro/21;HEMOPA; 600 ; 1.300 ; 1.000 ;; 2.900 
setembro/21;CAIES; 3.340 ; 430 ; 1.600 ;; 5.370 
setembro/21;HEMOGO; 1.000 ; 1.500 ; 800 ;; 3.300 
setembro/21;HEMOAM; 800 ; 1.200 ; 600 ;; 2.600 
setembro/21;FHB; 2.000 ; 4.000 ; 2.500 ;; 8.500 
setembro/21;HEMOES; 400 ; 600 ; 1.000 ;; 2.000 
setembro/21;HEMOSUL; 100 ; 350 ; 200 ;; 650 
setembro/21;HEMOIBA;; 1.500 ; 1.000 ;; 2.500 
setembro/21;SES-SP; 4.000 ; 8.000 ; 5.000 ;; 17.000 
outubro/21;HEMOACRE; 40 ; 300 ; 140 ;; 480 
outubro/21;HEMONORTE; 400 ; 1.000 ; 600 ;; 2.000 
outubro/21;HEMOBA; 600 ; 2.100 ; 2.400 ;; 5.100 
outubro/21;HEMOSE; 200 ; 500 ; 300 ;; 1.000 
outubro/21;HEMEPAR;; 5.120 ; 2.000 ;; 7.120 
outubro/21;HEMORIO; 2.000 ; 5.440 ; 3.380 ;; 10.820 
outubro/21;HEMOSC; 1.600 ; 1.800 ; 1.500 ;; 4.900 
outubro/21;HEMOPE;; 2.000 ; 2.000 ;; 4.000 
outubro/21;HEMOPI; 600 ; 900 ; 400 ;; 1.900 
outubro/21;HEMOMAR; 200 ; 900 ; 700 ;; 1.800 
outubro/21;HEMOCE; 400 ; 3.000 ; 2.000 ;; 5.400 
outubro/21;HEMOAL; 400 ; 1.000 ; 400 ;; 1.800 
outubro/21;HEMOMAT; 200 ; 300 ; 400 ;; 900 
outubro/21;HEMOMINAS; 3.000 ; 5.700 ; 1.790 ;; 10.490 
outubro/21;HEMORGS; 2.000 ; 2.600 ; 1.800 ;; 6.400 
outubro/21;HEMOPA; 600 ; 1.300 ; 1.000 ;; 2.900 
outubro/21;CAIES; 6.160 ;;;; 6.160 
outubro/21;HEMOGO; 800 ; 1.200 ; 800 ;; 2.800 
outubro/21;HEMOAM; 800 ; 1.200 ; 600 ;; 2.600 
outubro/21;HEMOAP; 40 ; 220 ; 140 ;; 400 
outubro/21;HEMOTO; 40 ; 260 ; 160 ;; 460 
outubro/21;FHB; 1.000 ; 3.100 ; 2.000 ;; 6.100 
outubro/21;HEMOES; 400 ; 1.000 ; 1.000 ;; 2.400 
outubro/21;HEMOSUL; 100 ; 350 ; 200 ;; 650 
outubro/21;HEMOIBA;; 1.500 ; 1.000 ;; 2.500 
outubro/21;HEMERON; 20 ; 410 ; 290 ;; 720 
outubro/21;SES-SP; 4.000 ; 8.000 ; 5.000 ;; 17.000 
novembro/21;HEMOACRE; 40 ; 300 ; 140 ;; 480 
novembro/21;HEMONORTE; 200 ; 900 ; 500 ;; 1.600 
novembro/21;HEMOBA; 600 ; 3.100 ; 2.100 ;; 5.800 
novembro/21;HEMOSE; 200 ; 480 ; 200 ;; 880 
novembro/21;HEMEPAR;; 5.400 ; 2.100 ;; 7.500 
novembro/21;HEMORIO; 3.200 ; 3.800 ; 2.100 ;; 9.100 
novembro/21;HEMOSC; 2.000 ; 2.000 ; 1.000 ;; 5.000 
novembro/21;HEMOPE;; 2.000 ; 2.000 ;; 4.000 
novembro/21;HEMOPI; 600 ; 900 ; 600 ;; 2.100 
novembro/21;HEMOMAR; 200 ; 900 ; 700 ;; 1.800 
novembro/21;HEMOCE; 400 ; 1.400 ; 2.000 ;; 3.800 
novembro/21;HEMOAL; 400 ; 1.000 ; 400 ;; 1.800 
novembro/21;HEMOMAT; 200 ; 700 ; 400 ;; 1.300 
novembro/21;HEMOMINAS; 2.200 ; 3.300 ; 1.800 ;; 7.300 
novembro/21;HEMORGS; 2.000 ; 2.600 ; 1.800 ;; 6.400 
novembro/21;HEMOPA; 600 ; 1.300 ; 1.000 ;; 2.900 
novembro/21;CAIES; 5.780 ; 3.470 ; 2.460 ;; 11.710 
novembro/21;HEMOGO; 400 ; 1.800 ; 1.000 ;; 3.200 
novembro/21;HEMOAM; 600 ; 900 ; 400 ;; 1.900 
novembro/21;HEMOAP; 60 ; 130 ; 100 ;; 290 
novembro/21;HEMOTO; 140 ; 370 ; 200 ;; 710 
novembro/21;FHB; 600 ; 1.700 ; 1.000 ;; 3.300 
novembro/21;HEMOES; 600 ; 900 ; 600 ;; 2.100 
novembro/21;HEMOSUL; 100 ; 350 ; 200 ;; 650 
novembro/21;HEMOIBA;; 1.500 ; 1.000 ;; 2.500 
novembro/21;HEMERON; 80 ; 200 ; 200 ;; 480 
novembro/21;SES-SP; 4.400 ; 9.800 ; 6.000 ;; 20.200 
dezembro/21;HEMOACRE; 40 ; 260 ; 140 ;; 440 
dezembro/21;HEMONORTE; 600 ; 700 ; 500 ;; 1.800 
dezembro/21;HEMOBA; 800 ; 3.400 ; 2.300 ;; 6.500 
dezembro/21;HEMOSE; 100 ; 350 ; 200 ;; 650 
dezembro/21;HEMEPAR;; 5.400 ; 2.100 ;; 7.500 
dezembro/21;HEMORIO; 3.200 ; 3.840 ; 2.680 ;; 9.720 
dezembro/21;HEMOSC; 2.000 ; 2.000 ; 1.000 ;; 5.000 
dezembro/21;HEMOPE;; 2.000 ; 1.600 ;; 3.600 
dezembro/21;HEMOPI; 600 ; 900 ; 600 ;; 2.100 
dezembro/21;HEMOMAR; 200 ; 900 ; 700 ;; 1.800 
dezembro/21;HEMOCE; 800 ; 2.400 ; 2.600 ;; 5.800 
dezembro/21;HEMOAL; 600 ; 1.300 ; 800 ;; 2.700 
dezembro/21;HEMOMAT; 200 ; 700 ; 400 ;; 1.300 
dezembro/21;HEMOMINAS; 3.400 ; 4.700 ; 2.800 ;; 10.900 
dezembro/21;HEMORGS; 2.800 ; 3.000 ; 2.000 ;; 7.800 
dezembro/21;HEMOPA; 1.000 ; 1.500 ; 1.000 ;; 3.500 
dezembro/21;CAIES; 6.880 ; 11.700 ; 6.300 ;; 24.880 
dezembro/21;HEMOGO; 1.200 ; 2.200 ; 1.600 ;; 5.000 
dezembro/21;HEMOAM; 600 ; 900 ; 400 ;; 1.900 
dezembro/21;HEMOAP; 60 ; 250 ; 140 ;; 450 
dezembro/21;HEMOTO; 100 ; 190 ; 140 ;; 430 
dezembro/21;FHB; 1.000 ; 2.700 ; 2.000 ;; 5.700 
dezembro/21;HEMOES; 400 ; 800 ; 500 ;; 1.700 
dezembro/21;HEMOSUL; 320 ; 400 ; 200 ;; 920 
dezembro/21;HEMOIBA;; 1.500 ; 1.000 ;; 2.500 
dezembro/21;HEMORAIMA; 100 ; 150 ; 100 ;; 350 
dezembro/21;HEMERON; 200 ; 260 ; 200 ;; 660 
janeiro/22;HEMOACRE; 100 ; 190 ; 180 ;; 470 
janeiro/22;HEMONORTE; 400 ; 700 ; 550 ;; 1.650 
janeiro/22;HEMOBA; 1.600 ; 2.000 ; 2.000 ;; 5.600 
janeiro/22;HEMOSE; 200 ; 500 ; 400 ;; 1.100 
janeiro/22;HEMEPAR;; 4.000 ; 3.000 ;; 7.000 
janeiro/22;HEMORIO; 3.000 ; 6.500 ; 2.000 ;; 11.500 
janeiro/22;HEMOSC; 1.400 ; 2.400 ; 1.450 ;; 5.250 
janeiro/22;HEMOPE; 800 ; 2.000 ; 1.500 ;; 4.300 
janeiro/22;HEMOPI; 400 ; 500 ; 550 ;; 1.450 
janeiro/22;HEMOMAR; 600 ; 700 ; 500 ;; 1.800 
janeiro/22;HEMOCE; 800 ; 2.400 ; 1.800 ;; 5.000 
janeiro/22;HEMOAL; 400 ; 1.400 ; 800 ;; 2.600 
janeiro/22;HEMOMAT; 120 ; 340 ; 400 ;; 860 
janeiro/22;HEMOMINAS; 3.200 ; 4.200 ; 2.500 ;; 9.900 
janeiro/22;HEMORGS; 1.200 ; 3.400 ; 1.800 ;; 6.400 
janeiro/22;HEMOPA; 1.020 ; 1.490 ; 1.000 ;; 3.510 
janeiro/22;HEMOGO;; 2.000 ; 1.100 ;; 3.100 
janeiro/22;HEMOAM; 400 ; 700 ; 550 ;; 1.650 
janeiro/22;HEMOAP; 40 ; 80 ; 70 ;; 190 
janeiro/22;HEMOTO; 200 ; 200 ; 190 ;; 590 
janeiro/22;FHB; 800 ; 2.400 ; 1.600 ;; 4.800 
janeiro/22;HEMOES; 400 ; 1.000 ; 800 ;; 2.200 
janeiro/22;HEMOSUL; 100 ; 190 ; 380 ;; 670 
janeiro/22;HEMOIBA; 300 ; 2.000 ; 1.200 ;; 3.500 
janeiro/22;SES-SP; 4.920 ; 8.520 ; 4.770 ;; 18.210 
janeiro/22;COADI; 2.500 ;;;; 2.500 
janeiro/22;FHEMERON; 100 ; 190 ; 160 ;; 450 
fevereiro/22;HEMOACRE; 100 ; 160 ; 140 ; 10 ; 410 
fevereiro/22;HEMONORTE; 560 ; 600 ; 500 ; 40 ; 1.700 
fevereiro/22;HEMOBA; 1.440 ; 2.480 ; 1.900 ; 200 ; 6.020 
fevereiro/22;HEMOSE; 200 ; 180 ; 180 ; 40 ; 600 
fevereiro/22;HEMEPAR; 880 ; 4.200 ; 2.530 ; 100 ; 7.710 
fevereiro/22;HEMORIO; 2.000 ; 3.900 ; 2.000 ; 100 ; 8.000 
fevereiro/22;HEMOSC; 1.200 ; 1.200 ; 1.210 ; 60 ; 3.670 
fevereiro/22;HEMOPE; 200 ; 1.600 ; 1.460 ; 60 ; 3.320 
fevereiro/22;HEMOPI; 400 ; 600 ; 440 ; 40 ; 1.480 
fevereiro/22;HEMOMAR; 560 ; 600 ; 500 ; 40 ; 1.700 
fevereiro/22;HEMOCE; 1.040 ; 2.100 ;; 60 ; 3.200 
fevereiro/22;HEMOAL; 440 ; 1.080 ; 400 ; 100 ; 2.020 
fevereiro/22;HEMOMAT; 400 ; 420 ; 400 ; 60 ; 1.280 
fevereiro/22;HEMOMINAS; 3.000 ; 5.600 ; 275 ; 300 ; 9.175 
fevereiro/22;HEMORGS; 1.600 ; 3.000 ; 1.570 ; 220 ; 6.390 
fevereiro/22;HEMOPA; 600 ; 800 ; 660 ; 60 ; 2.120 
fevereiro/22;HEMOGO;; 1.600 ; 1.140 ; 40 ; 2.780 
fevereiro/22;HEMOAM; 560 ; 600 ; 600 ; 40 ; 1.800 
fevereiro/22;HEMOAP; 60 ; 100 ; 100 ; 10 ; 270 
fevereiro/22;HEMOTO; 200 ; 180 ; 140 ; 40 ; 560 
fevereiro/22;FHB; 440 ; 1.000 ; 900 ; 60 ; 2.400 
fevereiro/22;HEMOES; 440 ; 1.000 ; 700 ; 60 ; 2.200 
fevereiro/22;HEMOSUL; 200 ; 200 ; 190 ; 40 ; 630 
fevereiro/22;HEMOIBA; 300 ; 1.400 ; 1.040 ; 40 ; 2.780 
fevereiro/22;HEMORAIMA; 60 ; 60 ; 40 ; 10 ; 170 
fevereiro/22;SES-SP; 6.000 ; 9.400 ; 4.200 ; 400 ; 20.000 
fevereiro/22;COADI; 1.920 ; 5.760 ; 2.270 ; 1.480 ; 11.430 
fevereiro/22;FHEMERON; 200 ; 180 ; 140 ; 40 ; 560 
março/22;HEMOACRE; 100 ; 160 ; 140 ; 10 ; 410 
março/22;HEMONORTE; 400 ; 400 ; 440 ; 40 ; 1.280 
março/22;HEMOBA; 2.000 ; 2.400 ; 2.000 ; 200 ; 6.600 
março/22;HEMOSE; 40 ; 40 ; 30 ; 40 ; 150 
março/22;HEMEPAR; 880 ; 4.200 ; 2.380 ; 200 ; 7.660 
março/22;HEMORIO; 2.000 ; 3.900 ; 1.850 ; 200 ; 7.950 
março/22;HEMOSC; 1.200 ; 1.000 ; 1.050 ; 100 ; 3.350 
março/22;HEMOPE; 200 ; 1.600 ; 1.400 ; 100 ; 3.300 
março/22;HEMOPI; 400 ; 600 ; 440 ; 40 ; 1.480 
março/22;HEMOMAR; 560 ; 600 ; 400 ; 40 ; 1.600 
março/22;HEMOCE; 1.200 ; 1.100 ; 1.000 ; 100 ; 3.400 
março/22;HEMOAL; 440 ; 1.080 ; 400 ; 100 ; 2.020 
março/22;HEMOMAT; 400 ; 420 ; 200 ; 60 ; 1.080 
março/22;HEMOMINAS; 3.000 ; 4.000 ; 1.800 ; 300 ; 9.100 
março/22;HEMORGS; 1.600 ; 3.000 ; 1.570 ; 220 ; 6.390 
março/22;HEMOPA; 600 ; 800 ; 660 ; 60 ; 2.120 
março/22;HEMOGO;; 1.600 ; 1.140 ; 40 ; 2.780 
março/22;HEMOAM; 560 ; 600 ; 500 ; 40 ; 1.700 
março/22;HEMOAP; 60 ; 100 ; 100 ; 10 ; 270 
março/22;HEMOTO; 200 ; 180 ; 140 ; 40 ; 560 
março/22;FHB; 600 ; 800 ; 760 ; 60 ; 2.220 
março/22;HEMOES; 600 ; 1.000 ; 600 ; 100 ; 2.300 
março/22;HEMOSUL; 200 ; 200 ; 170 ; 40 ; 610 
março/22;HEMOIBA; 300 ; 1.400 ; 1.040 ; 40 ; 2.780 
março/22;HEMORAIMA; 40 ; 30 ; 40 ; 10 ; 120 
março/22;SES-SP; 6.000 ; 9.400 ; 3.200 ; 400 ; 19.000 
março/22;COADI; 1.260 ; 9.230 ; 2.075 ; 1.120 ; 13.685 
março/22;FHEMERON; 160 ; 160 ; 100 ; 40 ; 460 
abril/22;HEMOACRE; 120 ; 100 ; 90 ; 20 ; 330 
abril/22;HEMONORTE; 400 ; 600 ; 300 ; 100 ; 1.400 
abril/22;HEMOBA; 2.000 ; 2.000 ; 1.500 ; 400 ; 5.900 
abril/22;HEMOSE; 400 ; 400 ; 250 ; 100 ; 1.150 
abril/22;HEMEPAR; 800 ; 4.600 ; 2.400 ; 200 ; 8.000 
abril/22;HEMORIO;;;; 200 ; 200 
abril/22;HEMOSC;;;; 200 ; 200 
abril/22;HEMOPE; 1.600 ; 1.600 ; 1.100 ; 200 ; 4.500 
abril/22;HEMOPI; 400 ; 500 ; 400 ; 100 ; 1.400 
abril/22;HEMOMAR; 800 ; 500 ; 400 ; 100 ; 1.800 
abril/22;HEMOCE;;;; 140 ; 140 
abril/22;HEMOAL; 800 ; 900 ; 400 ; 100 ; 2.200 
abril/22;HEMOMAT; 400 ; 600 ; 250 ; 100 ; 1.350 
abril/22;HEMOMINAS;;;; 200 ; 200 
abril/22;HEMORGS;;;; 220 ; 220 
abril/22;HEMOPA; 1.000 ; 1.400 ; 700 ; 100 ; 3.200 
abril/22;HEMOGO;; 1.820 ; 1.200 ; 60 ; 3.080 
abril/22;HEMOAM; 1.000 ; 500 ; 400 ; 200 ; 2.100 
abril/22;HEMOAP; 120 ; 80 ; 60 ; 20 ; 280 
abril/22;HEMOTO; 200 ; 180 ; 140 ; 40 ; 560 
abril/22;FHB; 1.600 ; 1.000 ; 1.000 ; 200 ; 3.800 
abril/22;HEMOES; 800 ; 600 ; 600 ; 200 ; 2.200 
abril/22;HEMOSUL; 200 ; 280 ; 100 ; 60 ; 640 
abril/22;HEMOIBA; 300 ; 1.950 ; 1.200 ; 100 ; 3.550 
abril/22;SES-SP; 1.500 ; 2.200 ; 1.000 ; 350 ; 5.050 
abril/22;COADI; 10.440 ; 28.010 ; 12.035 ;; 50.485 
abril/22;FHEMERON; 120 ; 180 ; 100 ; 40 ; 440 
maio/22;HEMOACRE; 200 ; 280 ; 140 ; 20 ; 640 
maio/22;HEMONORTE; 600 ; 800 ; 400 ; 100 ; 1.900 
maio/22;HEMOBA; 2.000 ; 3.400 ; 1.600 ; 400 ; 7.400 
maio/22;HEMOSE; 240 ; 200 ; 210 ; 100 ; 750 
maio/22;HEMEPAR; 800 ; 4.800 ; 2.600 ; 400 ; 8.600 
maio/22;HEMORIO; 3.200 ; 4.600 ; 2.400 ; 200 ; 10.400 
maio/22;HEMOSC; 1.800 ; 1.800 ; 1.000 ; 100 ; 4.700 
maio/22;HEMOPE; 800 ; 2.000 ; 1.100 ; 200 ; 4.100 
maio/22;HEMOPI; 720 ; 600 ; 400 ; 80 ; 1.800 
maio/22;HEMOMAR; 600 ; 600 ; 330 ; 80 ; 1.610 
maio/22;HEMOCE;; 2.600 ; 1.000 ; 200 ; 3.800 
maio/22;HEMOAL; 1.000 ; 1.000 ; 700 ; 100 ; 2.800 
maio/22;HEMOMAT; 800 ; 900 ; 400 ; 100 ; 2.200 
maio/22;HEMOMINAS; 3.000 ; 4.700 ; 2.100 ; 400 ; 10.200 
maio/22;HEMORGS; 1.800 ; 2.800 ; 1.400 ; 100 ; 6.100 
maio/22;HEMOPA; 1.200 ; 1.500 ; 800 ; 100 ; 3.600 
maio/22;HEMOGO;; 1.700 ; 800 ; 100 ; 2.600 
maio/22;HEMOAM; 720 ; 600 ; 400 ; 80 ; 1.800 
maio/22;HEMOAP; 200 ; 200 ; 100 ; 20 ; 520 
maio/22;HEMOTO; 160 ; 240 ; 140 ; 40 ; 580 
maio/22;FHB; 1.600 ; 2.600 ; 1.000 ; 200 ; 5.400 
maio/22;HEMOES; 800 ; 800 ; 400 ; 200 ; 2.200 
maio/22;HEMOSUL; 200 ; 360 ; 140 ; 20 ; 720 
maio/22;HEMOIBA; 300 ; 1.950 ; 1.200 ; 100 ; 3.550 
maio/22;HEMORAIMA; 40 ; 40 ; 40 ; 20 ; 140 
maio/22;SES-SP; 2.100 ; 8.730 ; 4.705 ; 270 ; 15.805 
maio/22;FHEMERON; 120 ; 200 ; 120 ; 20 ; 460 
junho/22;HEMOACRE; 120 ; 120 ; 80 ; 20 ; 340 
junho/22;HEMONORTE; 400 ; 400 ; 350 ; 80 ; 1.230 
junho/22;HEMOBA; 2.000 ; 3.400 ; 1.600 ; 400 ; 7.400 
junho/22;HEMOSE; 240 ; 400 ; 210 ; 100 ; 950 
junho/22;HEMEPAR; 800 ; 4.000 ; 2.200 ; 380 ; 7.380 
junho/22;HEMORIO; 2.400 ; 4.000 ; 2.000 ; 200 ; 8.600 
junho/22;HEMOSC; 1.800 ; 1.600 ; 1.000 ; 100 ; 4.500 
junho/22;HEMOPE; 800 ; 2.400 ; 1.100 ; 200 ; 4.500 
junho/22;HEMOPI; 800 ; 760 ; 400 ; 80 ; 2.040 
junho/22;HEMOMAR; 600 ; 800 ; 330 ; 80 ; 1.810 
junho/22;HEMOCE; 1.400 ; 2.900 ; 1.100 ; 200 ; 5.600 
junho/22;HEMOMAT; 400 ; 600 ; 400 ; 100 ; 1.500 
junho/22;HEMOMINAS; 3.320 ; 3.800 ; 2.900 ; 380 ; 10.400 
junho/22;HEMORGS; 2.000 ; 2.300 ; 1.200 ; 100 ; 5.600 
junho/22;HEMOPA; 1.000 ; 1.000 ; 800 ; 100 ; 2.900 
junho/22;HEMOGO;; 2.200 ; 1.200 ; 200 ; 3.600 
junho/22;HEMOAM; 720 ; 1.000 ; 600 ; 80 ; 2.400 
junho/22;HEMOAP; 400 ; 300 ; 100 ; 20 ; 820 
junho/22;HEMOTO; 200 ; 140 ; 100 ; 40 ; 480 
junho/22;FHB; 1.200 ; 1.600 ; 1.000 ; 200 ; 4.000 
junho/22;HEMOES; 800 ; 1.000 ; 400 ; 200 ; 2.400 
junho/22;HEMOSUL; 800 ; 760 ; 300 ; 80 ; 1.940 
junho/22;HEMOIBA; 300 ; 1.950 ; 1.200 ; 100 ; 3.550 
junho/22;SES-SP; 2.100 ; 8.730 ; 4.705 ; 270 ; 15.805 
junho/22;COADI;; 3.440 ; 210 ;; 3.650 
junho/22;FHEMERON; 400 ; 400 ; 140 ; 40 ; 980 
julho/22;HEMONORTE; 600 ; 1.060 ; 400 ; 80 ; 2.140 
julho/22;HEMOBA; 1.000 ; 1.100 ; 1.200 ; 400 ; 3.700 
julho/22;HEMOSE; 200 ; 200 ; 180 ; 100 ; 680 
julho/22;HEMEPAR; 800 ; 4.060 ; 2.200 ; 380 ; 7.440 
julho/22;HEMORIO; 2.400 ; 4.000 ; 1.900 ; 200 ; 8.500 
julho/22;HEMOSC; 2.000 ; 2.300 ; 1.200 ; 100 ; 5.600 
julho/22;HEMOPE; 800 ; 2.400 ; 1.100 ; 200 ; 4.500 
julho/22;HEMOPI; 1.000 ; 860 ; 400 ; 80 ; 2.340 
julho/22;HEMOMAR; 600 ; 600 ; 330 ; 80 ; 1.610 
julho/22;HEMOCE;; 2.600 ; 2.000 ; 200 ; 4.800 
julho/22;HEMOMAT; 400 ; 400 ; 350 ; 100 ; 1.250 
julho/22;HEMOMINAS; 3.720 ; 3.400 ; 2.600 ; 380 ; 10.100 
julho/22;HEMORGS; 2.200 ; 2.600 ; 1.400 ; 100 ; 6.300 
julho/22;HEMOPA;; 1.400 ; 900 ; 100 ; 2.400 
julho/22;HEMOGO; 400 ; 1.200 ; 800 ; 200 ; 2.600 
julho/22;HEMOAM; 620 ; 850 ; 600 ; 80 ; 2.150 
julho/22;HEMOAP; 80 ; 180 ; 100 ; 20 ; 380 
julho/22;FHB; 1.200 ; 1.600 ; 1.000 ; 200 ; 4.000 
julho/22;HEMOES; 600 ; 700 ; 400 ; 200 ; 1.900 
julho/22;HEMOIBA; 300 ; 1.550 ; 800 ; 100 ; 2.750 
julho/22;SES-SP; 4.480 ; 12.950 ; 4.000 ; 270 ; 21.700 
julho/22;COADI; 1.400 ; 3.810 ; 1.665 ; 140 ; 7.015 
julho/22;FHEMERON; 200 ; 180 ; 100 ; 40 ; 520 
agosto/22;HEMOACRE; 100 ; 330 ; 200 ; 20 ; 650 
agosto/22;HEMONORTE; 1.000 ; 1.260 ; 400 ; 80 ; 2.740 
agosto/22;HEMOBA; 1.000 ; 1.100 ; 1.200 ; 400 ; 3.700 
agosto/22;HEMOSE; 80 ; 400 ; 270 ; 100 ; 850 
agosto/22;HEMORIO; 3.200 ; 5.800 ; 2.400 ; 200 ; 11.600 
agosto/22;HEMOSC; 1.800 ; 2.000 ; 1.200 ; 100 ; 5.100 
agosto/22;HEMOPE; 800 ; 2.400 ; 1.100 ; 200 ; 4.500 
agosto/22;HEMOMAR; 600 ; 600 ; 330 ; 80 ; 1.610 
agosto/22;HEMOCE;; 2.000 ; 1.700 ; 200 ; 3.900 
agosto/22;HEMOMAT; 400 ; 700 ; 400 ; 100 ; 1.600 
agosto/22;HEMOMINAS; 3.720 ; 3.400 ; 2.600 ; 380 ; 10.100 
agosto/22;HEMORGS; 2.400 ; 2.400 ; 1.600 ; 200 ; 6.600 
agosto/22;HEMOPA;; 1.700 ; 800 ; 100 ; 2.600 
agosto/22;HEMOGO; 400 ; 2.000 ; 1.600 ; 200 ; 4.200 
agosto/22;HEMOAM; 400 ; 400 ; 380 ; 80 ; 1.260 
agosto/22;HEMOAP; 200 ; 360 ; 160 ; 20 ; 740 
agosto/22;HEMOTO; 200 ; 280 ; 200 ; 100 ; 780 
agosto/22;FHB; 600 ; 2.300 ; 1.400 ; 200 ; 4.500 
agosto/22;HEMOES; 600 ; 600 ; 400 ; 100 ; 1.700 
agosto/22;HEMOSUL; 200 ; 300 ; 180 ; 80 ; 760 
agosto/22;HEMOIBA; 300 ; 1.550 ; 800 ; 100 ; 2.750 
agosto/22;HEMORAIMA; 40 ; 70 ; 60 ; 10 ; 180 
agosto/22;SES-SP; 3.800 ; 9.000 ; 4.100 ; 300 ; 17.200 
agosto/22;COADI; 3.060 ; 8.900 ; 2.045 ; 360 ; 14.365 
agosto/22;FHEMERON; 100 ; 150 ; 100 ; 40 ; 390 
setembro/22;HEMOACRE; 100 ; 210 ; 200 ; 20 ; 530 
setembro/22;HEMONORTE; 800 ; 760 ; 600 ; 80 ; 2.240 
setembro/22;HEMOBA; 800 ; 1.000 ; 1.100 ; 400 ; 3.300 
setembro/22;HEMOSE; 80 ; 460 ; 200 ; 100 ; 840 
setembro/22;HEMEPAR; 1.600 ; 4.000 ; 2.700 ; 200 ; 8.500 
setembro/22;HEMORIO; 3.200 ; 5.800 ; 2.400 ; 200 ; 11.600 
setembro/22;HEMOSC; 2.000 ; 1.900 ; 1.200 ; 100 ; 5.200 
setembro/22;HEMOPE; 400 ; 2.400 ; 1.100 ; 200 ; 4.100 
setembro/22;HEMOMAR; 800 ; 700 ; 330 ; 80 ; 1.910 
setembro/22;HEMOCE;; 2.400 ; 1.700 ; 200 ; 4.300 
setembro/22;HEMOAL; 600 ; 600 ; 600 ; 100 ; 1.900 
setembro/22;HEMOMAT; 200 ; 600 ; 400 ; 100 ; 1.300 
setembro/22;HEMOMINAS; 2.920 ; 3.000 ; 3.000 ; 380 ; 9.300 
setembro/22;HEMORGS; 2.400 ; 2.400 ; 1.600 ; 200 ; 6.600 
setembro/22;HEMOPA; 400 ; 1.000 ; 850 ; 100 ; 2.350 
setembro/22;HEMOGO; 800 ; 2.200 ; 1.800 ; 200 ; 5.000 
setembro/22;HEMOAM; 720 ; 800 ; 400 ; 80 ; 2.000 
setembro/22;HEMOAP; 200 ; 240 ; 160 ; 20 ; 620 
setembro/22;HEMOTO; 160 ; 160 ; 160 ; 80 ; 560 
setembro/22;FHB; 400 ; 2.000 ; 1.200 ; 200 ; 3.800 
setembro/22;HEMOES; 600 ; 600 ; 400 ; 100 ; 1.700 
setembro/22;HEMOSUL; 320 ; 400 ; 200 ; 80 ; 1.000 
setembro/22;HEMOIBA; 300 ; 1.550 ; 800 ; 100 ; 2.750 
setembro/22;HEMORAIMA; 40 ; 70 ; 60 ; 10 ; 180 
setembro/22;COADI; 5.120 ; 14.650 ; 2.760 ; 130 ; 22.660 
setembro/22;FHEMERON; 40 ; 100 ; 80 ; 40 ; 260 
outubro/22;HEMOACRE; 100 ; 210 ; 120 ; 20 ; 450 
outubro/22;HEMONORTE;; 870 ; 700 ; 110 ; 1.680 
outubro/22;HEMOBA; 800 ; 1.000 ; 1.100 ; 400 ; 3.300 
outubro/22;HEMOSE; 80 ; 460 ; 200 ; 100 ; 840 
outubro/22;HEMEPAR; 1.600 ; 4.000 ; 2.700 ; 200 ; 8.500 
outubro/22;HEMORIO; 3.200 ; 5.800 ; 2.400 ; 200 ; 11.600 
outubro/22;HEMOSC; 2.000 ; 1.900 ; 1.200 ; 100 ; 5.200 
outubro/22;HEMOPE; 800 ; 2.400 ; 1.100 ; 200 ; 4.500 
outubro/22;HEMOPI; 800 ; 700 ; 300 ; 100 ; 1.900 
outubro/22;HEMOMAR; 800 ; 700 ; 330 ; 80 ; 1.910 
outubro/22;HEMOCE;; 2.800 ; 1.800 ; 200 ; 4.800 
outubro/22;HEMOAL; 600 ; 800 ; 700 ; 100 ; 2.200 
outubro/22;HEMOMAT; 200 ; 520 ; 380 ; 100 ; 1.200 
outubro/22;HEMOMINAS; 2.920 ; 3.000 ; 3.000 ; 380 ; 9.300 
outubro/22;HEMORGS; 2.400 ; 2.200 ; 1.600 ; 200 ; 6.400 
outubro/22;HEMOPA; 400 ; 1.000 ; 850 ; 100 ; 2.350 
outubro/22;HEMOGO; 800 ; 2.200 ; 1.800 ; 200 ; 5.000 
outubro/22;HEMOAM; 600 ; 660 ; 400 ; 80 ; 1.740 
outubro/22;HEMOAP; 200 ; 160 ; 140 ; 20 ; 520 
outubro/22;HEMOTO; 160 ; 160 ; 160 ; 80 ; 560 
outubro/22;FHB; 400 ; 2.000 ; 1.200 ; 200 ; 3.800 
outubro/22;HEMOES; 600 ; 600 ; 400 ; 100 ; 1.700 
outubro/22;HEMOSUL; 240 ; 200 ; 200 ; 80 ; 720 
outubro/22;HEMOIBA; 300 ; 1.550 ; 800 ; 100 ; 2.750 
outubro/22;HEMORAIMA; 40 ; 70 ; 60 ; 10 ; 180 
outubro/22;COADI; 4.920 ; 13.940 ; 2.280 ;; 21.140 
outubro/22;FHEMERON; 40 ; 100 ; 80 ; 40 ; 260 
novembro/22;HEMOACRE; 120 ; 100 ; 100 ; 40 ; 360 
novembro/22;HEMONORTE; 400 ; 500 ; 500 ; 100 ; 1.500 
novembro/22;HEMOSE; 80 ; 460 ; 200 ; 100 ; 840 
novembro/22;HEMEPAR; 1.600 ; 4.800 ; 2.700 ; 200 ; 9.300 
novembro/22;HEMORIO; 3.200 ; 5.000 ; 2.400 ; 200 ; 10.800 
novembro/22;HEMOSC; 2.200 ; 2.400 ; 1.200 ; 100 ; 5.900 
novembro/22;HEMOPE; 800 ; 2.800 ; 1.100 ; 200 ; 4.900 
novembro/22;HEMOPI; 800 ; 900 ; 400 ; 100 ; 2.200 
novembro/22;HEMOMAR; 400 ; 1.000 ; 500 ; 200 ; 2.100 
novembro/22;HEMOAL; 400 ; 1.000 ; 600 ; 200 ; 2.200 
novembro/22;HEMOMAT; 200 ; 760 ; 300 ; 180 ; 1.440 
novembro/22;HEMORGS; 2.400 ; 3.300 ; 1.800 ; 100 ; 7.600 
novembro/22;HEMOPA; 600 ; 2.500 ; 1.100 ; 200 ; 4.400 
novembro/22;HEMOGO; 800 ; 2.600 ; 800 ; 200 ; 4.400 
novembro/22;HEMOAM; 400 ; 1.000 ; 600 ; 200 ; 2.200 
novembro/22;HEMOAP; 120 ; 100 ; 100 ; 40 ; 360 
novembro/22;HEMOTO; 160 ; 180 ; 100 ; 80 ; 520 
novembro/22;FHB; 800 ; 2.600 ; 1.000 ; 200 ; 4.600 
novembro/22;HEMOES; 400 ; 1.000 ; 500 ; 200 ; 2.100 
novembro/22;HEMOSUL; 200 ; 400 ; 100 ; 100 ; 800 
novembro/22;HEMORAIMA; 40 ; 70 ; 40 ; 10 ; 160 
novembro/22;SES-SP; 6.000 ; 11.800 ; 6.000 ; 400 ; 24.200 
novembro/22;COADI; 4.720 ; 8.330 ; 5.335 ; 610 ; 18.995 
novembro/22;FHEMERON; 160 ; 400 ; 200 ; 40 ; 800 
dezembro/22;HEMOACRE; 120 ; 100 ; 100 ; 40 ; 360 
dezembro/22;HEMONORTE; 400 ; 500 ; 500 ; 100 ; 1.500 
dezembro/22;HEMOBA; 1.600 ; 3.000 ; 2.000 ; 200 ; 6.800 
dezembro/22;HEMOSE; 100 ; 450 ; 200 ; 100 ; 850 
dezembro/22;HEMEPAR; 1.600 ; 5.000 ; 2.600 ; 200 ; 9.400 
dezembro/22;HEMORIO; 3.200 ; 5.000 ; 2.000 ; 200 ; 10.400 
dezembro/22;HEMOSC; 2.200 ; 2.400 ; 1.100 ; 100 ; 5.800 
dezembro/22;HEMOPE;; 2.800 ; 1.300 ; 200 ; 4.300 
dezembro/22;HEMOPI; 600 ; 800 ; 400 ; 100 ; 1.900 
dezembro/22;HEMOMAR; 400 ; 700 ; 400 ; 100 ; 1.600 
dezembro/22;HEMOCE; 1.000 ; 2.900 ; 1.800 ; 200 ; 5.900 
dezembro/22;HEMOAL; 400 ; 1.000 ; 600 ; 200 ; 2.200 
dezembro/22;HEMOMAT; 200 ; 760 ; 300 ; 180 ; 1.440 
dezembro/22;HEMOMINAS; 2.800 ; 6.400 ; 2.000 ; 200 ; 11.400 
dezembro/22;HEMORGS; 2.000 ; 2.100 ; 1.950 ; 200 ; 6.250 
dezembro/22;HEMOPA; 600 ; 1.500 ; 1.000 ; 200 ; 3.300 
dezembro/22;HEMOAM; 400 ; 1.000 ; 600 ; 200 ; 2.200 
dezembro/22;HEMOTO; 160 ; 180 ; 100 ; 80 ; 520 
dezembro/22;FHB; 800 ; 2.600 ; 1.200 ; 200 ; 4.800 
dezembro/22;HEMOES; 400 ; 1.000 ; 500 ; 200 ; 2.100 
dezembro/22;HEMOSUL; 200 ; 400 ; 100 ; 100 ; 800 
dezembro/22;HEMOIBA; 1.000 ; 2.000 ; 1.000 ; 100 ; 4.100 
dezembro/22;HEMORAIMA; 40 ; 70 ; 40 ; 10 ; 160 
dezembro/22;SES-SP; 6.200 ; 10.760 ; 5.620 ; 300 ; 22.880 
dezembro/22;COADI; 380 ;; 65 ; 350 ; 795 
dezembro/22;FHEMERON; 200 ; 580 ; 200 ; 40 ; 1.020 
janeiro/23;COADI; 1.400 ; 1.669 ;; 177 ; 3.246 
janeiro/23;FHB; 800 ; 2.800 ; 1.250 ; 100 ; 4.950 
janeiro/23;FHEMERON; 160 ; 400 ; 200 ; 40 ; 800 
janeiro/23;HEMEPAR; 1.400 ; 4.600 ; 3.000 ; 100 ; 9.100 
janeiro/23;HEMOACRE; 120 ; 120 ; 200 ; 40 ; 480 
janeiro/23;HEMOAL; 400 ; 1.300 ; 900 ; 100 ; 2.700 
janeiro/23;HEMOAM; 400 ; 1.000 ; 650 ; 100 ; 2.150 
janeiro/23;HEMOAP; 40 ; 60 ; 100 ; 40 ; 240 
janeiro/23;HEMOBA; 1.000 ; 2.600 ; 2.300 ; 100 ; 6.000 
janeiro/23;HEMOCE; 400 ; 2.300 ; 2.200 ; 100 ; 5.000 
janeiro/23;HEMOES; 400 ; 900 ; 700 ; 100 ; 2.100 
janeiro/23;HEMOGO; 800 ; 2.500 ; 800 ; 100 ; 4.200 
janeiro/23;HEMOIBA; 400 ; 1.100 ; 1.100 ; 100 ; 2.700 
janeiro/23;HEMOMAR; 400 ; 900 ; 500 ; 100 ; 1.900 
janeiro/23;HEMOMAT; 200 ; 800 ; 400 ; 100 ; 1.500 
janeiro/23;HEMOMINAS; 2.400 ; 6.800 ; 2.300 ; 200 ; 11.700 
janeiro/23;HEMONORTE; 400 ; 700 ; 600 ; 100 ; 1.800 
janeiro/23;HEMOPA; 600 ; 2.200 ; 1.000 ; 100 ; 3.900 
janeiro/23;HEMOPE; 800 ; 2.900 ; 1.200 ; 100 ; 5.000 
janeiro/23;HEMOPI; 800 ; 900 ; 400 ; 100 ; 2.200 
janeiro/23;HEMORAIMA; 40 ; 70 ; 40 ; 10 ; 160 
janeiro/23;HEMORGS; 2.400 ; 3.300 ; 1.800 ; 100 ; 7.600 
janeiro/23;HEMORIO; 1.400 ; 4.600 ; 3.000 ; 100 ; 9.100 
janeiro/23;HEMOSC; 2.400 ; 2.400 ; 1.150 ; 100 ; 6.050 
janeiro/23;HEMOSE; 80 ; 460 ; 230 ; 80 ; 850 
janeiro/23;HEMOSUL; 200 ; 400 ; 100 ; 100 ; 800 
janeiro/23;HEMOTO; 160 ; 100 ; 90 ; 80 ; 430 
janeiro/23;SES-SP; 5.000 ; 8.122 ; 4.539 ; 100 ; 17.761 
fevereiro/23;COADI; 4.120 ; 14.249 ; 5.450 ; 4.317 ; 28.136 
fevereiro/23;FHB; 800 ; 2.000 ; 1.000 ; 400 ; 4.200 
fevereiro/23;FHEMERON; 160 ; 360 ; 100 ; 40 ; 660 
fevereiro/23;HEMEPAR; 1.000 ; 5.100 ; 2.000 ; 400 ; 8.500 
fevereiro/23;HEMOAL; 200 ; 300 ; 400 ; 400 ; 1.300 
fevereiro/23;HEMOAM; 400 ; 580 ; 600 ; 140 ; 1.720 
fevereiro/23;HEMOAP; 40 ; 40 ; 50 ; 40 ; 170 
fevereiro/23;HEMOBA; 800 ; 2.000 ; 2.000 ; 400 ; 5.200 
fevereiro/23;HEMOCE; 400 ; 1.800 ; 2.100 ; 200 ; 4.500 
fevereiro/23;HEMOES; 200 ; 300 ; 400 ; 400 ; 1.300 
fevereiro/23;HEMOGO; 800 ; 2.100 ; 800 ; 100 ; 3.800 
fevereiro/23;HEMOIBA; 400 ; 1.100 ; 1.100 ; 100 ; 2.700 
fevereiro/23;HEMOMAR; 400 ; 700 ; 400 ; 100 ; 1.600 
fevereiro/23;HEMOMAT; 200 ; 500 ; 300 ; 200 ; 1.200 
fevereiro/23;HEMONORTE; 360 ; 700 ; 600 ; 240 ; 1.900 
fevereiro/23;HEMOPA; 400 ; 1.400 ; 800 ; 200 ; 2.800 
fevereiro/23;HEMOPE; 800 ; 2.800 ; 1.000 ; 200 ; 4.800 
fevereiro/23;HEMOPI; 200 ; 500 ; 400 ; 200 ; 1.300 
fevereiro/23;HEMORAIMA; 40 ; 70 ; 40 ; 10 ; 160 
fevereiro/23;HEMORGS; 2.000 ; 3.200 ; 1.200 ; 400 ; 6.800 
fevereiro/23;HEMORIO; 1.000 ; 5.100 ; 2.000 ; 400 ; 8.500 
fevereiro/23;HEMOSC; 2.000 ; 2.400 ; 1.000 ; 200 ; 5.600 
fevereiro/23;HEMOSE; 80 ; 200 ; 160 ; 80 ; 520 
fevereiro/23;HEMOSUL; 200 ; 400 ; 100 ; 100 ; 800 
março/23;COADI;; 958 ; 280 ; 2.134 ; 3.372 
março/23;FHB; 800 ; 1.600 ; 1.000 ; 400 ; 3.800 
março/23;FHEMERON; 100 ; 150 ; 80 ; 80 ; 410 
março/23;HEMEPAR; 800 ; 5.000 ; 2.100 ; 400 ; 8.300 
março/23;HEMOACRE; 80 ; 80 ; 60 ; 80 ; 300 
março/23;HEMOAL; 200 ; 500 ; 400 ; 200 ; 1.300 
março/23;HEMOAM; 280 ; 400 ; 520 ; 140 ; 1.340 
março/23;HEMOAP; 40 ; 40 ; 60 ; 60 ; 200 
março/23;HEMOBA; 800 ; 2.000 ; 2.000 ; 400 ; 5.200 
março/23;HEMOCE; 400 ; 1.600 ; 2.000 ; 200 ; 4.200 
março/23;HEMOES; 200 ; 300 ; 500 ; 200 ; 1.200 
março/23;HEMOGO; 400 ; 1.500 ; 1.000 ; 100 ; 3.000 
março/23;HEMOIBA; 400 ; 1.100 ; 1.100 ; 100 ; 2.700 
março/23;HEMOMAR; 400 ; 700 ; 400 ; 100 ; 1.600 
março/23;HEMOMAT; 200 ; 500 ; 300 ; 200 ; 1.200 
março/23;HEMOMINAS; 400 ; 4.300 ; 3.000 ; 500 ; 8.200 
março/23;HEMONORTE; 360 ; 700 ; 600 ; 240 ; 1.900 
março/23;HEMOPA; 400 ; 1.400 ; 700 ; 200 ; 2.700 
março/23;HEMOPE; 400 ; 2.800 ; 1.100 ; 200 ; 4.500 
março/23;HEMOPI; 200 ; 500 ; 400 ; 200 ; 1.300 
março/23;HEMORAIMA; 40 ; 80 ; 40 ; 20 ; 180 
março/23;HEMORGS; 600 ; 3.000 ; 1.650 ; 400 ; 5.650 
março/23;HEMORIO; 800 ; 4.200 ; 2.100 ; 400 ; 7.500 
março/23;HEMOSC; 600 ; 2.000 ; 1.550 ; 200 ; 4.350 
março/23;HEMOSE; 80 ; 200 ; 160 ; 80 ; 520 
março/23;HEMOSUL; 200 ; 400 ; 100 ; 100 ; 800 
março/23;SES-SP; 816 ; 10.992 ; 4.800 ; 1.000 ; 17.608 
abril/23;COADI; 3.266 ; 24.972 ; 13.797 ; 627 ; 42.662 
abril/23;FHB; 800 ; 1.700 ; 1.400 ; 100 ; 4.000 
abril/23;FHEMERON; 200 ; 200 ; 130 ; 80 ; 610 
abril/23;HEMOACRE; 60 ; 90 ; 80 ; 40 ; 270 
abril/23;HEMOAL; 200 ; 600 ; 610 ; 160 ; 1.570 
abril/23;HEMOAM; 320 ; 540 ; 500 ; 100 ; 1.460 
abril/23;HEMOAP; 80 ; 160 ; 100 ; 40 ; 380 
abril/23;HEMOBA; 1.000 ; 1.800 ; 2.100 ; 100 ; 5.000 
abril/23;HEMOCE; 400 ; 1.900 ; 2.000 ; 100 ; 4.400 
abril/23;HEMOES; 200 ; 300 ; 500 ; 200 ; 1.200 
abril/23;HEMOGO; 1.000 ; 1.200 ; 1.000 ; 100 ; 3.300 
abril/23;HEMOIBA; 400 ; 1.700 ; 900 ; 100 ; 3.100 
abril/23;HEMOMAR; 400 ; 700 ; 400 ; 100 ; 1.600 
abril/23;HEMOMAT; 200 ; 400 ; 300 ; 100 ; 1.000 
abril/23;HEMONORTE; 320 ; 800 ; 600 ; 80 ; 1.800 
abril/23;HEMOPA; 400 ; 1.500 ; 800 ; 100 ; 2.800 
abril/23;HEMOPE; 600 ; 3.000 ; 1.100 ; 100 ; 4.800 
abril/23;HEMOPI; 400 ; 500 ; 300 ; 100 ; 1.300 
abril/23;HEMORAIMA; 40 ; 80 ; 40 ; 20 ; 180 
abril/23;HEMORGS; 800 ; 3.300 ; 1.600 ; 100 ; 5.800 
abril/23;HEMORIO; 1.000 ; 5.000 ; 2.100 ; 100 ; 8.200 
abril/23;HEMOSC; 1.000 ; 2.000 ; 1.400 ; 100 ; 4.500 
abril/23;HEMOSE; 80 ; 200 ; 160 ; 80 ; 520 
abril/23;HEMOSUL; 200 ; 400 ; 100 ; 100 ; 800 
abril/23;HEMOTO; 100 ; 190 ; 100 ; 40 ; 430 
maio/23;COADI; 4.536 ; 45.330 ; 31.660 ; 3.254 ; 84.780 
maio/23;FHEMERON; 200 ; 200 ; 130 ; 80 ; 610 
maio/23;HEMOAL; 400 ; 720 ; 640 ; 200 ; 1.960 
maio/23;HEMOAP; 100 ; 150 ; 100 ; 40 ; 390 
maio/23;HEMOBA; 1.000 ; 1.500 ; 1.800 ; 400 ; 4.700 
maio/23;HEMOCE; 400 ; 1.800 ; 2.000 ; 400 ; 4.600 
maio/23;HEMOGO;; 800 ; 800 ; 400 ; 2.000 
maio/23;HEMOIBA; 400 ; 800 ; 900 ; 400 ; 2.500 
maio/23;HEMOMAR; 200 ; 600 ; 400 ; 300 ; 1.500 
maio/23;HEMOMAT; 200 ; 400 ; 300 ; 100 ; 1.000 
maio/23;HEMOMINAS; 1.000 ; 4.900 ; 3.000 ; 600 ; 9.500 
maio/23;HEMONORTE; 320 ; 800 ; 600 ; 80 ; 1.800 
maio/23;HEMOPA; 400 ; 1.400 ; 800 ; 400 ; 3.000 
maio/23;HEMOPE; 600 ; 2.300 ; 1.000 ; 400 ; 4.300 
maio/23;HEMOPI; 200 ; 400 ; 350 ; 200 ; 1.150 
maio/23;HEMORAIMA; 40 ; 80 ; 40 ; 20 ; 180 
maio/23;HEMORGS; 1.400 ; 2.300 ; 1.600 ; 400 ; 5.700 
maio/23;HEMORIO; 800 ; 2.000 ; 1.900 ; 600 ; 5.300 
maio/23;HEMOSC; 1.400 ; 1.300 ; 1.200 ; 400 ; 4.300 
maio/23;HEMOSE; 100 ; 230 ; 180 ; 120 ; 630 
maio/23;HEMOSUL; 200 ; 400 ; 100 ; 100 ; 800 
maio/23;HEMOTO; 100 ; 190 ; 100 ; 40 ; 430 
junho/23;COADI; 4.956 ; 46.120 ; 11.910 ; 3.954 ; 66.940 
junho/23;HEMOCE; 400 ; 2.400 ; 1.800 ; 400 ; 5.000 
junho/23;HEMOMAT;;;; 200 ; 200 
junho/23;HEMONORTE; 200 ; 600 ;;; 800 
junho/23;HEMOPA; 400 ; 1.400 ; 800 ; 400 ; 3.000 
junho/23;HEMOPI; 200 ; 360 ; 300 ; 180 ; 1.040 
junho/23;HEMONORTE;;; 550 ;; 550 
junho/23;HEMOGO;; 1.000 ;;; 1.000 
junho/23;HEMONORTE;;;; 200 ; 200 
junho/23;HEMOGO;;; 900 ;; 900 
junho/23;HEMOIBA; 400 ;;;; 400 
junho/23;HEMOGO;;;; 400 ; 400 
junho/23;HEMOIBA;; 1.000 ;;; 1.000 
junho/23;HEMOBA; 800 ;;;; 800 
junho/23;HEMOIBA;;; 800 ;; 800 
junho/23;HEMOSUL; 100 ; 250 ;;; 350 
junho/23;HEMOBA;; 1.600 ;;; 1.600 
junho/23;HEMOIBA;;;; 400 ; 400 
junho/23;HEMOSUL;;; 10 ;; 10 
junho/23;HEMOBA;;; 1.800 ;; 1.800 
junho/23;HEMOSE; 100 ;;;; 100 
junho/23;HEMOSUL;;; 190 ;; 190 
junho/23;HEMOBA;;;; 400 ; 400 
junho/23;HEMOSE;; 230 ;;; 230 
junho/23;HEMOSUL;;;; 100 ; 100 
junho/23;HEMOMAR; 400 ;;;; 400 
junho/23;HEMORIO; 2.000 ;;;; 2.000 
junho/23;HEMOSE;;; 180 ;; 180 
junho/23;HEMOMAR;; 800 ;;; 800 
junho/23;HEMORIO;; 3.400 ;;; 3.400 
junho/23;HEMOSC; 1.000 ;;;; 1.000 
junho/23;HEMOSE;;;; 120 ; 120 
junho/23;HEMOMAR;;; 450 ;; 450 
junho/23;HEMOPE; 600 ;;;; 600 
junho/23;HEMORIO;;; 2.600 ;; 2.600 
junho/23;HEMOSC;; 1.300 ;;; 1.300 
junho/23;HEMOMAR;;;; 300 ; 300 
junho/23;HEMOPE;; 2.900 ;;; 2.900 
junho/23;HEMORIO;;;; 800 ; 800 
junho/23;HEMOSC;;; 1.000 ;; 1.000 
junho/23;HEMOMAT; 200 ;;;; 200 
junho/23;HEMOPE;;; 1.200 ;; 1.200 
junho/23;HEMOSC;;;; 600 ; 600 
junho/23;HEMOMAT;; 200 ;;; 200 
junho/23;HEMOPE;;;; 400 ; 400 
junho/23;HEMORGS; 1.000 ;;;; 1.000 
junho/23;HEMOAL; 400 ;;;; 400 
junho/23;HEMOMAT;;; 250 ;; 250 
junho/23;HEMORGS;; 2.300 ;;; 2.300 
junho/23;HEMOACRE; 100 ;;; 40 ; 140 
junho/23;HEMOAL;; 720 ;;; 720 
junho/23;HEMORAIMA; 40 ;;;; 40 
junho/23;HEMORGS;;; 1.800 ;; 1.800 
junho/23;HEMOACRE;; 230 ;;; 230 
junho/23;HEMOAL;;; 640 ;; 640 
junho/23;HEMOAM; 400 ;;;; 400 
junho/23;HEMORAIMA;; 60 ;;; 60 
junho/23;HEMORGS;;;; 800 ; 800 
junho/23;HEMOACRE;;; 80 ;; 80 
junho/23;HEMOAL;;;; 200 ; 200 
junho/23;HEMOAM;; 1.200 ;;; 1.200 
junho/23;HEMOAP; 100 ;;;; 100 
junho/23;HEMORAIMA;;; 40 ;; 40 
junho/23;HEMOAM;;; 400 ;; 400 
junho/23;HEMOAP;; 150 ;;; 150 
junho/23;HEMORAIMA;;;; 40 ; 40 
junho/23;HEMOTO; 80 ;;;; 80 
junho/23;FHEMERON; 120 ;;;; 120 
junho/23;HEMOAM;;;; 200 ; 200 
junho/23;HEMOAP;;; 80 ;; 80 
junho/23;HEMOTO;; 120 ;;; 120 
junho/23;FHEMERON;; 260 ; 120 ; 80 ; 460 
junho/23;HEMOAP;;;; 40 ; 40 
junho/23;HEMOTO;;; 100 ;; 100 
junho/23;HEMOTO;;;; 80 ; 80 
julho/23;COADI; 2.346 ; 45.110 ; 10.830 ; 4.374 ; 62.660 
julho/23;FHB; 200 ; 500 ; 200 ; 200 ; 1.100 
julho/23;FHEMERON; 100 ; 110 ; 100 ; 80 ; 390 
julho/23;HEMEPAR; 600 ; 4.300 ; 3.200 ; 600 ; 8.700 
julho/23;HEMOAL; 400 ; 720 ; 640 ; 200 ; 1.960 
julho/23;HEMOAM; 400 ; 1.200 ; 400 ; 200 ; 2.200 
julho/23;HEMOAP; 100 ; 150 ; 80 ; 40 ; 370 
julho/23;HEMOBA; 400 ; 1.200 ; 1.700 ; 400 ; 3.700 
julho/23;HEMOES; 400 ; 900 ; 800 ; 300 ; 2.400 
julho/23;HEMOMAR; 400 ; 800 ; 450 ; 300 ; 1.950 
julho/23;HEMOMAT; 200 ; 200 ; 250 ; 200 ; 850 
julho/23;HEMOMINAS; 1.000 ; 4.700 ; 3.400 ; 800 ; 9.900 
julho/23;HEMONORTE; 200 ; 500 ; 400 ; 200 ; 1.300 
julho/23;HEMOPA; 400 ; 800 ; 600 ; 400 ; 2.200 
julho/23;HEMOPE; 600 ; 2.900 ; 1.200 ; 400 ; 5.100 
julho/23;HEMOPI; 200 ; 360 ; 370 ; 200 ; 1.130 
julho/23;HEMORAIMA; 40 ; 40 ; 40 ; 20 ; 140 
julho/23;HEMORGS; 1.000 ; 3.700 ; 2.000 ; 600 ; 7.300 
julho/23;HEMOSC; 800 ; 2.000 ; 1.000 ; 600 ; 4.400 
julho/23;HEMOSE; 100 ; 290 ; 240 ; 140 ; 770 
julho/23;HEMOTO; 80 ; 120 ; 100 ; 80 ; 380 
agosto/23;COADI;; 25.268 ; 31.136 ; 15.801 ; 72.205 
agosto/23;FHB;; 1.600 ; 1.200 ; 800 ; 3.600 
agosto/23;FHEMERON;; 200 ; 210 ; 100 ; 510 
agosto/23;HEMEPAR;; 3.800 ; 2.800 ; 1.000 ; 7.600 
agosto/23;HEMOACRE;; 180 ; 100 ; 60 ; 340 
agosto/23;HEMOAL;; 500 ; 500 ; 300 ; 1.300 
agosto/23;HEMOAM;; 700 ; 600 ; 300 ; 1.600 
agosto/23;HEMOAP;; 140 ; 80 ; 60 ; 280 
agosto/23;HEMOBA;; 1.600 ; 1.600 ; 800 ; 4.000 
agosto/23;HEMOCE;; 2.000 ; 1.600 ; 800 ; 4.400 
agosto/23;HEMOES;; 700 ; 600 ; 300 ; 1.600 
agosto/23;HEMOGO;; 1.000 ; 1.000 ; 600 ; 2.600 
agosto/23;HEMOIBA;; 1.000 ; 800 ; 400 ; 2.200 
agosto/23;HEMOMAR;; 1.000 ; 700 ; 400 ; 2.100 
agosto/23;HEMOMAT;; 200 ; 300 ; 200 ; 700 
agosto/23;HEMOMINAS;; 4.200 ; 3.000 ; 1.000 ; 8.200 
agosto/23;HEMONORTE;; 520 ; 440 ; 200 ; 1.160 
agosto/23;HEMOPA;; 800 ; 700 ; 400 ; 1.900 
agosto/23;HEMOPE;; 2.000 ; 1.000 ; 600 ; 3.600 
agosto/23;HEMOPI;; 380 ; 380 ; 220 ; 980 
agosto/23;HEMORAIMA;; 40 ; 50 ; 20 ; 110 
agosto/23;HEMORGS;; 3.600 ; 2.100 ; 600 ; 6.300 
agosto/23;HEMORIO;; 3.600 ; 2.600 ; 800 ; 7.000 
agosto/23;HEMOSC;; 1.600 ; 800 ; 800 ; 3.200 
agosto/23;HEMOSE;; 300 ; 230 ; 160 ; 690 
agosto/23;HEMOSUL;; 200 ; 130 ; 180 ; 510 
agosto/23;HEMOTO;; 100 ; 100 ; 100 ; 300 
agosto/23;SES-SP;; 8.000 ; 6.300 ; 2.600 ; 16.900 
outubro/23;COADI; 33.500 ; 117.250 ; 67.286 ; 22.500 ; 240.536 
janeiro/24;COADI; 21.723 ; 13.199 ; 3.383 ; 11.800 ; 50.105 
janeiro/24;FHB; 480 ; 1.400 ; 1.000 ; 120 ; 3.000 
janeiro/24;FHEMERON; 220 ; 280 ; 160 ; 30 ; 690 
janeiro/24;HEMEPAR; 3.000 ; 4.200 ; 2.125 ; 350 ; 9.675 
janeiro/24;HEMOACRE; 110 ; 140 ; 89 ; 9 ; 348 
janeiro/24;HEMOAL; 400 ; 650 ; 340 ; 57 ; 1.447 
janeiro/24;HEMOAM; 320 ; 450 ; 250 ; 30 ; 1.050 
janeiro/24;HEMOAP; 80 ; 117 ; 100 ; 11 ; 308 
janeiro/24;HEMOBA; 1.100 ; 1.300 ; 1.095 ; 120 ; 3.615 
janeiro/24;HEMOCE; 910 ; 1.195 ; 690 ; 90 ; 2.885 
janeiro/24;HEMOES; 300 ; 410 ; 240 ; 20 ; 970 
janeiro/24;HEMOGO; 400 ; 700 ; 380 ; 60 ; 1.540 
janeiro/24;HEMOIBA; 480 ; 680 ; 400 ; 60 ; 1.620 
janeiro/24;HEMOMAR; 300 ; 500 ; 280 ; 30 ; 1.110 
janeiro/24;HEMOMAT; 180 ; 320 ; 200 ; 30 ; 730 
janeiro/24;HEMOMINAS; 1.800 ; 2.500 ; 1.500 ; 200 ; 6.000 
janeiro/24;HEMONORTE; 348 ; 650 ; 393 ; 30 ; 1.421 
janeiro/24;HEMOPA; 440 ; 630 ; 350 ; 50 ; 1.470 
janeiro/24;HEMOPE; 700 ; 850 ; 530 ; 80 ; 2.160 
janeiro/24;HEMOPI; 220 ; 400 ; 200 ; 30 ; 850 
janeiro/24;HEMORAIMA; 40 ; 65 ; 35 ; 5 ; 145 
janeiro/24;HEMORGS; 1.200 ; 1.800 ; 1.000 ; 200 ; 4.200 
janeiro/24;HEMORIO; 2.450 ; 3.500 ; 2.249 ; 259 ; 8.458 
janeiro/24;HEMOSC; 1.228 ; 1.600 ; 1.043 ; 200 ; 4.071 
janeiro/24;HEMOSE; 230 ; 351 ; 187 ; 20 ; 788 
janeiro/24;HEMOSUL; 230 ; 295 ; 205 ; 60 ; 790 
janeiro/24;HEMOTO; 120 ; 200 ; 96 ; 16 ; 432 
janeiro/24;SES-SP; 4.000 ; 5.200 ; 2.800 ; 400 ; 12.400 
fevereiro/24;COADI;; 8.507 ;; 7.673 ; 16.180 
fevereiro/24;FHB;; 1.680 ; 130 ; 613 ; 2.423 
fevereiro/24;FHEMERON;; 194 ; 123 ;; 317 
fevereiro/24;HEMEPAR;; 3.000 ; 2.455 ;; 5.455 
fevereiro/24;HEMOACRE;; 90 ; 75 ;; 165 
fevereiro/24;HEMOAL;; 700 ; 50 ; 234 ; 984 
fevereiro/24;HEMOAM;; 725 ; 545 ;; 1.270 
fevereiro/24;HEMOAP;; 40 ; 60 ;; 100 
fevereiro/24;HEMOBA;; 2.000 ; 2.000 ;; 4.000 
fevereiro/24;HEMOCE;; 2.000 ; 247 ; 1.169 ; 3.416 
fevereiro/24;HEMOES;; 900 ; 68 ; 321 ; 1.289 
fevereiro/24;HEMOGO;; 1.484 ; 115 ; 542 ; 2.141 
fevereiro/24;HEMOIBA;; 1.008 ; 72 ; 339 ; 1.419 
fevereiro/24;HEMOMAR;; 168 ; 13 ; 61 ; 242 
fevereiro/24;HEMOMAT;; 447 ; 280 ;; 727 
fevereiro/24;HEMOMINAS;; 3.640 ; 2.355 ;; 5.995 
fevereiro/24;HEMONORTE;; 630 ; 49 ; 234 ; 913 
fevereiro/24;HEMOPA;; 1.065 ; 82 ; 389 ; 1.536 
fevereiro/24;HEMOPE;; 1.510 ; 121 ; 573 ; 2.204 
fevereiro/24;HEMOPI;; 532 ; 41 ; 194 ; 767 
fevereiro/24;HEMORAIMA;; 60 ; 35 ;; 95 
fevereiro/24;HEMORGS;; 2.000 ; 1.925 ;; 3.925 
fevereiro/24;HEMORIO;; 3.080 ; 1.930 ;; 5.010 
fevereiro/24;HEMOSC;; 1.905 ; 1.190 ;; 3.095 
fevereiro/24;HEMOSE;; 336 ; 26 ; 123 ; 485 
fevereiro/24;HEMOSUL;; 363 ; 229 ;; 592 
fevereiro/24;HEMOTO;; 138 ; 85 ;; 223 
fevereiro/24;SES-SP;; 6.000 ; 7.575 ;; 13.575 
março/24;COADI;; 1.069 ; 2.764 ; 4.366 ; 8.199 
março/24;FHB;; 1.218 ; 667 ; 1.044 ; 2.929 
março/24;FHEMERON;; 172 ; 94 ; 148 ; 414 
março/24;HEMEPAR;; 2.666 ; 1.461 ; 2.286 ; 6.413 
março/24;HEMOACRE;; 107 ; 59 ; 92 ; 258 
março/24;HEMOAL;; 504 ; 276 ; 432 ; 1.212 
março/24;HEMOAM;; 672 ; 368 ; 576 ; 1.616 
março/24;HEMOAP;; 158 ; 71 ; 135 ; 364 
março/24;HEMOBA;; 1.470 ; 805 ; 1.260 ; 3.535 
março/24;HEMOCE;; 1.365 ; 771 ; 1.171 ; 3.307 
março/24;HEMOES;; 603 ; 330 ; 517 ; 1.450 
março/24;HEMOGO;; 1.260 ; 690 ; 1.080 ; 3.030 
março/24;HEMOIBA;; 840 ; 460 ; 720 ; 2.020 
março/24;HEMOMAR;; 420 ; 230 ; 360 ; 1.010 
março/24;HEMOMAT;; 350 ; 143 ; 310 ; 803 
março/24;HEMOMINAS;; 2.850 ; 1.485 ; 2.440 ; 6.775 
março/24;HEMONORTE;; 528 ; 276 ; 440 ; 1.244 
março/24;HEMOPA;; 782 ; 430 ; 671 ; 1.883 
março/24;HEMOPE;; 1.239 ; 679 ; 1.062 ; 2.980 
março/24;HEMOPI;; 398 ; 219 ; 342 ; 959 
março/24;HEMORAIMA;; 60 ; 31 ; 50 ; 141 
março/24;HEMORGS;; 1.806 ; 989 ; 1.548 ; 4.343 
março/24;HEMORIO;; 2.604 ; 1.426 ; 2.232 ; 6.262 
março/24;HEMOSC;; 1.470 ; 805 ; 1.260 ; 3.535 
março/24;HEMOSE;; 270 ; 151 ; 234 ; 655 
março/24;HEMOSUL;; 264 ; 145 ; 227 ; 636 
março/24;HEMOTO;; 160 ; 87 ; 137 ; 384 
março/24;SES-SP;; 6.531 ; 3.527 ; 5.598 ; 15.656 
abril/24;COADI; 2.585 ; 1.693 ; 994 ; 288 ; 5.560 
abril/24;FHB; 116 ; 2.203 ; 1.624 ; 97 ; 4.040 
abril/24;FHEMERON; 12 ; 220 ; 162 ; 10 ; 404 
abril/24;HEMEPAR;; 4.826 ; 3.556 ; 212 ; 8.594 
abril/24;HEMOACRE; 10 ; 187 ; 137 ; 8 ; 342 
abril/24;HEMOAL; 54 ; 1.026 ; 756 ; 45 ; 1.881 
abril/24;HEMOAM; 64 ; 1.217 ; 896 ; 53 ; 2.230 
abril/24;HEMOAP; 4 ; 77 ; 56 ; 3 ; 140 
abril/24;HEMOBA; 118 ; 2.243 ; 1.652 ; 98 ; 4.111 
abril/24;HEMOCE; 130 ; 2.471 ; 1.820 ; 108 ; 4.529 
abril/24;HEMOES; 56 ; 1.067 ; 787 ; 47 ; 1.957 
abril/24;HEMOGO; 92 ; 1.747 ; 1.288 ; 77 ; 3.204 
abril/24;HEMOIBA; 80 ; 1.519 ; 1.120 ; 67 ; 2.786 
abril/24;HEMOMAR; 16 ; 305 ; 224 ; 13 ; 558 
abril/24;HEMOMAT; 34 ; 654 ; 481 ; 29 ; 1.198 
abril/24;HEMOMINAS; 300 ; 5.700 ; 4.200 ; 250 ; 10.450 
abril/24;HEMONORTE;; 722 ; 532 ; 32 ; 1.286 
abril/24;HEMOPA; 54 ; 1.037 ; 764 ; 46 ; 1.901 
abril/24;HEMOPE; 56 ; 1.063 ; 784 ; 47 ; 1.950 
abril/24;HEMOPI; 40 ; 761 ; 560 ; 33 ; 1.394 
abril/24;HEMORAIMA; 4 ; 103 ; 75 ; 5 ; 187 
abril/24;HEMORGS; 176 ; 3.343 ; 2.464 ; 147 ; 6.130 
abril/24;HEMORIO; 220 ; 4.181 ; 3.080 ; 183 ; 7.664 
abril/24;HEMOSC; 128 ; 2.431 ; 1.792 ; 107 ; 4.458 
abril/24;HEMOSE; 16 ; 305 ; 224 ; 13 ; 558 
abril/24;HEMOSUL; 24 ; 479 ; 353 ; 21 ; 877 
abril/24;HEMOTO; 16 ; 305 ; 224 ; 13 ; 558 
abril/24;SES-SP; 590 ; 11.250 ; 8.200 ; 499 ; 20.539 
maio/24;COADI; 3.453 ; 9.373 ; 6.124 ; 3.876 ; 22.826 
maio/24;FHB; 480 ; 1.800 ; 960 ; 680 ; 3.920 
maio/24;FHEMERON; 61 ; 228 ; 122 ; 86 ; 497 
maio/24;HEMEPAR;; 3.770 ; 2.050 ; 1.510 ; 7.330 
maio/24;HEMOACRE; 31 ; 117 ; 62 ; 44 ; 254 
maio/24;HEMOAL; 178 ; 660 ; 352 ; 249 ; 1.439 
maio/24;HEMOAM; 312 ; 1.170 ; 624 ; 442 ; 2.548 
maio/24;HEMOBA; 690 ; 1.440 ; 790 ; 545 ; 3.465 
maio/24;HEMOCE; 600 ; 1.450 ; 800 ; 550 ; 3.400 
maio/24;HEMOES; 224 ; 840 ; 448 ; 317 ; 1.829 
maio/24;HEMOGO; 360 ; 1.380 ; 740 ; 520 ; 3.000 
maio/24;HEMOIBA; 216 ; 810 ; 432 ; 306 ; 1.764 
maio/24;HEMOMAT; 122 ; 456 ; 243 ; 172 ; 993 
maio/24;HEMONORTE;; 600 ; 320 ; 220 ; 1.140 
maio/24;HEMOPI; 176 ; 660 ; 352 ; 249 ; 1.437 
maio/24;HEMORAIMA; 22 ; 81 ; 43 ; 31 ; 177 
maio/24;HEMORGS; 704 ; 2.640 ; 1.408 ; 997 ; 5.749 
maio/24;HEMORIO; 880 ; 3.300 ; 1.760 ; 1.247 ; 7.187 
maio/24;HEMOSC; 416 ; 1.560 ; 832 ; 589 ; 3.397 
maio/24;HEMOSE; 72 ; 270 ; 144 ; 102 ; 588 
maio/24;HEMOSUL; 80 ; 300 ; 160 ; 113 ; 653 
maio/24;HEMOTO; 39 ; 147 ; 78 ; 56 ; 320 
maio/24;SES-SP; 2.480 ; 9.300 ; 4.960 ; 3.513 ; 20.253 
junho/24;COADI; 7.201 ; 10.564 ; 6.417 ; 2.791 ; 26.973 
junho/24;FHB; 264 ; 1.980 ; 1.188 ; 704 ; 4.136 
junho/24;FHEMERON; 34 ; 240 ; 144 ; 85 ; 503 
junho/24;HEMOAL; 100 ; 750 ; 450 ; 267 ; 1.567 
junho/24;HEMOAM; 128 ; 961 ; 576 ; 341 ; 2.006 
junho/24;HEMOBA; 278 ; 2.100 ; 1.260 ; 747 ; 4.385 
junho/24;HEMOES; 122 ; 930 ; 558 ; 331 ; 1.941 
junho/24;HEMOIBA; 108 ; 810 ; 486 ; 288 ; 1.692 
junho/24;HEMOMAR; 98 ; 750 ; 450 ; 267 ; 1.565 
junho/24;HEMOMAT; 74 ; 570 ; 342 ; 203 ; 1.189 
junho/24;HEMOMINAS; 580 ; 4.200 ; 2.520 ; 1.490 ; 8.790 
junho/24;HEMONORTE; 74 ; 570 ; 342 ; 203 ; 1.189 
junho/24;HEMOPA; 156 ; 1.170 ; 703 ; 382 ; 2.411 
junho/24;HEMOPI; 86 ; 660 ; 396 ; 235 ; 1.377 
junho/24;HEMORAIMA; 5 ; 80 ; 40 ; 25 ; 150 
junho/24;HEMORGS; 348 ; 2.640 ; 1.508 ; 990 ; 5.486 
junho/24;HEMORIO; 480 ; 3.600 ; 2.160 ; 1.280 ; 7.520 
junho/24;HEMOSC; 220 ; 1.500 ; 900 ; 530 ; 3.150 
junho/24;HEMOSE; 36 ; 270 ; 162 ; 96 ; 564 
junho/24;HEMOSUL; 38 ; 300 ; 180 ; 107 ; 625 
junho/24;HEMOTO; 20 ; 154 ; 88 ; 50 ; 312 
junho/24;SES-SP; 1.150 ; 8.701 ; 5.230 ; 3.088 ; 18.169 
julho/24;COADI; 1.236 ; 1.035 ; 621 ; 345 ; 3.237 
julho/24;FHB; 528 ; 1.980 ; 1.188 ; 660 ; 4.356 
julho/24;FHEMERON; 64 ; 240 ; 144 ; 80 ; 528 
julho/24;HEMEPAR;; 3.600 ; 2.160 ; 1.200 ; 6.960 
julho/24;HEMOACRE; 48 ; 180 ; 108 ; 60 ; 396 
julho/24;HEMOAL; 160 ; 600 ; 360 ; 200 ; 1.320 
julho/24;HEMOAM; 232 ; 870 ; 522 ; 290 ; 1.914 
julho/24;HEMOAP; 52 ; 195 ; 117 ; 65 ; 429 
julho/24;HEMOBA; 560 ; 2.100 ; 1.260 ; 700 ; 4.620 
julho/24;HEMOCE; 496 ; 1.860 ; 1.116 ; 620 ; 4.092 
julho/24;HEMOES; 248 ; 930 ; 558 ; 310 ; 2.046 
julho/24;HEMOGO; 416 ; 1.560 ; 936 ; 520 ; 3.432 
julho/24;HEMOIBA; 264 ; 990 ; 594 ; 330 ; 2.178 
julho/24;HEMOMAR; 200 ; 750 ; 450 ; 250 ; 1.650 
julho/24;HEMOMAT; 152 ; 570 ; 342 ; 190 ; 1.254 
julho/24;HEMOMINAS; 1.120 ; 4.200 ; 2.520 ; 1.400 ; 9.240 
julho/24;HEMONORTE; 192 ; 720 ; 432 ; 240 ; 1.584 
julho/24;HEMOPA; 280 ; 1.050 ; 630 ; 350 ; 2.310 
julho/24;HEMOPE; 480 ; 1.800 ; 1.080 ; 600 ; 3.960 
julho/24;HEMOPI; 144 ; 540 ; 324 ; 180 ; 1.188 
julho/24;HEMORGS; 704 ; 2.640 ; 1.584 ; 880 ; 5.808 
julho/24;HEMORIO; 960 ; 3.600 ; 2.160 ; 1.200 ; 7.920 
julho/24;HEMOSC; 400 ; 1.500 ; 900 ; 500 ; 3.300 
julho/24;HEMOSE; 72 ; 270 ; 162 ; 90 ; 594 
julho/24;HEMOSUL; 112 ; 420 ; 252 ; 140 ; 924 
julho/24;SES-SP; 2.480 ; 9.300 ; 5.580 ; 3.100 ; 20.460 
agosto/24;COADI; 1.568 ; 3.731 ; 1.756 ; 1.141 ; 8.196 
agosto/24;FHB; 528 ; 1.980 ; 1.188 ; 660 ; 4.356 
agosto/24;FHEMERON; 100 ; 190 ; 125 ; 70 ; 485 
agosto/24;HEMEPAR;; 3.300 ; 2.160 ; 1.300 ; 6.760 
agosto/24;HEMOACRE; 60 ; 228 ; 137 ; 76 ; 501 
agosto/24;HEMOAL; 160 ; 600 ; 360 ; 200 ; 1.320 
agosto/24;HEMOAM; 240 ; 870 ; 450 ; 270 ; 1.830 
agosto/24;HEMOAP; 50 ; 195 ; 115 ; 50 ; 410 
agosto/24;HEMOCE; 536 ; 2.016 ; 1.210 ; 672 ; 4.434 
agosto/24;HEMOES; 200 ; 750 ; 450 ; 250 ; 1.650 
agosto/24;HEMOGO; 416 ; 1.560 ; 936 ; 520 ; 3.432 
agosto/24;HEMOIBA; 232 ; 870 ; 522 ; 290 ; 1.914 
agosto/24;HEMOMAR; 200 ; 750 ; 450 ; 250 ; 1.650 
agosto/24;HEMOMAT; 128 ; 480 ; 288 ; 160 ; 1.056 
agosto/24;HEMOMINAS; 1.120 ; 4.200 ; 2.520 ; 1.400 ; 9.240 
agosto/24;HEMONORTE; 100 ; 700 ; 450 ; 250 ; 1.500 
agosto/24;HEMOPA; 400 ; 1.100 ; 650 ; 200 ; 2.350 
agosto/24;HEMOPE; 480 ; 1.800 ; 1.080 ; 600 ; 3.960 
agosto/24;HEMOPI; 144 ; 540 ; 324 ; 180 ; 1.188 
agosto/24;HEMORAIMA; 40 ; 150 ; 100 ; 40 ; 330 
agosto/24;HEMORGS; 704 ; 2.640 ; 1.584 ; 880 ; 5.808 
agosto/24;HEMORIO; 1.044 ; 3.600 ; 2.450 ; 1.326 ; 8.420 
agosto/24;HEMOSC; 400 ; 1.500 ; 900 ; 500 ; 3.300 
agosto/24;HEMOSUL; 240 ; 350 ; 230 ; 90 ; 910 
agosto/24;HEMOTO; 30 ; 100 ; 85 ; 25 ; 240 
agosto/24;SES-SP; 2.480 ; 9.300 ; 5.580 ; 3.100 ; 20.460 
setembro/24;COADI; 290 ; 6.095 ; 1.501 ; 1.890 ; 9.776 
setembro/24;FHB; 480 ; 1.260 ; 1.150 ; 400 ; 3.290 
setembro/24;FHEMERON; 50 ; 195 ; 115 ; 50 ; 410 
setembro/24;HEMEPAR; 500 ; 3.100 ; 2.425 ; 1.400 ; 7.425 
setembro/24;HEMOAL; 220 ; 840 ; 504 ; 280 ; 1.844 
setembro/24;HEMOAM; 250 ; 850 ; 550 ; 275 ; 1.925 
setembro/24;HEMOAP; 50 ; 195 ; 115 ; 50 ; 410 
setembro/24;HEMOBA; 480 ; 1.800 ; 1.080 ; 600 ; 3.960 
setembro/24;HEMOCE; 300 ; 1.350 ; 1.000 ; 300 ; 2.950 
setembro/24;HEMOES; 180 ; 700 ; 335 ; 180 ; 1.395 
setembro/24;HEMOGO; 180 ; 1.400 ; 925 ; 520 ; 3.025 
setembro/24;HEMOIBA; 350 ; 930 ; 650 ; 365 ; 2.295 
setembro/24;HEMOMAR; 250 ; 755 ; 485 ; 250 ; 1.740 
setembro/24;HEMOMAT; 100 ; 380 ; 195 ; 160 ; 835 
setembro/24;HEMOMINAS; 840 ; 2.640 ; 1.650 ; 880 ; 6.010 
setembro/24;HEMONORTE; 300 ; 850 ; 550 ; 300 ; 2.000 
setembro/24;HEMOPA; 500 ; 1.100 ; 725 ; 300 ; 2.625 
setembro/24;HEMOPE; 500 ; 1.100 ; 790 ; 290 ; 2.680 
setembro/24;HEMOPI; 250 ; 565 ; 380 ; 250 ; 1.445 
setembro/24;HEMORAIMA; 40 ; 150 ; 100 ; 40 ; 330 
setembro/24;HEMORGS; 960 ; 2.600 ; 1.590 ; 880 ; 6.030 
setembro/24;HEMORIO; 1.000 ; 3.600 ; 2.450 ; 1.000 ; 8.050 
setembro/24;HEMOSC; 960 ; 1.500 ; 1.010 ; 800 ; 4.270 
setembro/24;HEMOSE; 120 ; 350 ; 160 ; 90 ; 720 
setembro/24;HEMOSUL; 50 ; 195 ; 115 ; 50 ; 410 
setembro/24;SES-SP; 2.400 ; 9.000 ; 5.550 ; 2.900 ; 19.850 
outubro/24;COADI;; 7.322 ; 2.717 ; 564 ; 10.603 
outubro/24;FHB; 250 ; 1.261 ; 1.207 ; 400 ; 3.118 
outubro/24;FHEMERON; 60 ; 220 ; 160 ; 90 ; 530 
outubro/24;HEMEPAR; 500 ; 3.400 ; 3.100 ; 850 ; 7.850 
outubro/24;HEMOAL; 200 ; 840 ; 680 ; 200 ; 1.920 
outubro/24;HEMOAM; 250 ; 1.101 ; 537 ; 200 ; 2.088 
outubro/24;HEMOAP; 50 ; 195 ; 115 ; 50 ; 410 
outubro/24;HEMOBA; 480 ; 1.960 ; 1.250 ; 300 ; 3.990 
outubro/24;HEMOCE; 900 ; 1.500 ; 1.075 ; 500 ; 3.975 
outubro/24;HEMOES; 200 ; 700 ; 300 ; 200 ; 1.400 
outubro/24;HEMOGO; 180 ; 1.400 ; 1.005 ; 400 ; 2.985 
outubro/24;HEMOIBA; 248 ; 650 ; 388 ; 150 ; 1.436 
outubro/24;HEMOMAR; 148 ; 500 ; 318 ; 130 ; 1.096 
outubro/24;HEMOMAT; 160 ; 400 ; 260 ; 200 ; 1.020 
outubro/24;HEMOMINAS; 948 ; 3.200 ; 2.425 ; 950 ; 7.523 
outubro/24;HEMONORTE; 200 ; 750 ; 525 ; 200 ; 1.675 
outubro/24;HEMOPA; 250 ; 851 ; 522 ; 260 ; 1.883 
outubro/24;HEMOPE; 540 ; 1.250 ; 980 ; 440 ; 3.210 
outubro/24;HEMOPI; 250 ; 565 ; 400 ; 170 ; 1.385 
outubro/24;HEMORAIMA; 16 ; 120 ; 76 ; 20 ; 232 
outubro/24;HEMORGS; 700 ; 2.100 ; 1.650 ; 750 ; 5.200 
outubro/24;HEMORIO; 650 ; 3.458 ; 2.681 ; 751 ; 7.540 
outubro/24;HEMOSC; 500 ; 1.400 ; 1.350 ; 750 ; 4.000 
outubro/24;HEMOSE; 120 ; 350 ; 160 ; 90 ; 720 
outubro/24;HEMOSUL; 200 ; 400 ; 170 ; 120 ; 890 
outubro/24;SES-SP; 2.000 ; 10.000 ; 7.305 ; 1.730 ; 21.035 
novembro/24;COADI; 560 ; 1.624 ; 492 ; 904 ; 3.580 
novembro/24;FHB; 400 ; 1.500 ; 1.400 ; 500 ; 3.800 
novembro/24;FHEMERON; 140 ; 220 ; 150 ; 90 ; 600 
novembro/24;HEMEPAR; 400 ; 4.400 ; 2.000 ; 2.200 ; 9.000 
novembro/24;HEMOAL; 100 ; 840 ; 655 ; 100 ; 1.695 
novembro/24;HEMOAM; 250 ; 1.101 ; 537 ; 200 ; 2.088 
novembro/24;HEMOAP; 50 ; 195 ; 115 ; 50 ; 410 
novembro/24;HEMOBA; 480 ; 1.760 ; 1.250 ; 300 ; 3.790 
novembro/24;HEMOCE; 900 ; 1.500 ; 1.175 ; 500 ; 4.075 
novembro/24;HEMOES; 200 ; 850 ; 205 ; 280 ; 1.535 
novembro/24;HEMOGO; 400 ; 1.400 ; 900 ; 600 ; 3.300 
novembro/24;HEMOIBA; 390 ; 855 ; 250 ; 450 ; 1.945 
novembro/24;HEMOMAR; 148 ; 500 ; 318 ; 130 ; 1.096 
novembro/24;HEMOMAT; 200 ; 400 ; 200 ; 300 ; 1.100 
novembro/24;HEMOMINAS; 1.400 ; 3.420 ; 1.940 ; 2.000 ; 8.760 
novembro/24;HEMONORTE; 200 ; 750 ; 525 ; 200 ; 1.675 
novembro/24;HEMOPA; 346 ; 1.200 ; 500 ; 409 ; 2.455 
novembro/24;HEMOPE; 400 ; 2.250 ; 800 ; 650 ; 4.100 
novembro/24;HEMOPI; 250 ; 565 ; 400 ; 170 ; 1.385 
novembro/24;HEMORAIMA; 16 ; 120 ; 76 ; 20 ; 232 
novembro/24;HEMORGS; 700 ; 2.350 ; 1.150 ; 1.000 ; 5.200 
novembro/24;HEMORIO; 800 ; 3.950 ; 2.985 ; 760 ; 8.495 
novembro/24;HEMOSC; 350 ; 1.000 ; 1.162 ; 567 ; 3.079 
novembro/24;HEMOSE; 120 ; 350 ; 160 ; 90 ; 720 
novembro/24;HEMOSUL; 200 ; 400 ; 155 ; 130 ; 885 
novembro/24;SES-SP; 2.200 ; 10.000 ; 6.600 ; 1.900 ; 20.700 
dezembro/24;COADI; 274 ; 7.715 ; 328 ; 2.544 ; 10.861 
dezembro/24;FHB; 400 ; 1.100 ; 1.400 ; 500 ; 3.400 
dezembro/24;FHEMERON; 160 ; 220 ; 165 ; 90 ; 635 
dezembro/24;HEMEPAR; 400 ; 1.500 ; 1.850 ; 1.200 ; 4.950 
dezembro/24;HEMOACRE; 60 ; 55 ; 60 ; 65 ; 240 
dezembro/24;HEMOAL; 100 ; 840 ; 655 ; 100 ; 1.695 
dezembro/24;HEMOAM; 360 ; 1.000 ; 610 ; 200 ; 2.170 
dezembro/24;HEMOAP; 160 ; 200 ; 160 ; 80 ; 600 
dezembro/24;HEMOBA; 480 ; 1.760 ; 1.300 ; 400 ; 3.940 
dezembro/24;HEMOCE; 900 ; 1.300 ; 1.175 ; 400 ; 3.775 
dezembro/24;HEMOES; 400 ; 1.000 ; 700 ; 300 ; 2.400 
dezembro/24;HEMOGO; 250 ; 1.025 ; 750 ; 450 ; 2.475 
dezembro/24;HEMOIBA; 390 ; 855 ; 250 ; 450 ; 1.945 
dezembro/24;HEMOMAR; 200 ; 400 ; 300 ; 100 ; 1.000 
dezembro/24;HEMOMAT; 200 ; 350 ; 275 ; 200 ; 1.025 
dezembro/24;HEMOMINAS; 1.200 ; 1.800 ; 1.350 ; 1.300 ; 5.650 
dezembro/24;HEMONORTE; 200 ; 750 ; 575 ; 200 ; 1.725 
dezembro/24;HEMOPA; 346 ; 1.200 ; 500 ; 409 ; 2.455 
dezembro/24;HEMOPE; 400 ; 2.250 ; 800 ; 650 ; 4.100 
dezembro/24;HEMOPI; 250 ; 565 ; 400 ; 170 ; 1.385 
dezembro/24;HEMORAIMA; 20 ; 85 ; 60 ; 15 ; 180 
dezembro/24;HEMORGS; 700 ; 2.350 ; 1.150 ; 1.000 ; 5.200 
dezembro/24;HEMORIO; 800 ; 3.400 ; 3.000 ; 600 ; 7.800 
dezembro/24;HEMOSC; 350 ; 1.000 ; 1.162 ; 567 ; 3.079 
dezembro/24;HEMOSE; 120 ; 300 ; 165 ; 90 ; 675 
dezembro/24;HEMOSUL; 200 ; 300 ; 155 ; 130 ; 785 
dezembro/24;HEMOTO; 80 ; 180 ; 155 ; 90 ; 505 
dezembro/24;SES-SP; 2.200 ; 10.000 ; 6.650 ; 2.200 ; 21.050 
